Sequence Name,Length,Sequence
2fftA01,15,KSFVDWLLGKITKED
3rrrG01,19,QNITEEFYQSTCSAVSKGY
1rh7B01,20,CSFESLVDQRIKEALSRQEP
1rp0A01,21,KESIVSREMTRRYMTDMITYA
3m4wE01,22,QRRRINAMLQDYELQRRLHSEQ
3ksvA02,27,IGWDTVKVASDELAEDAKRYSEAIAKI
2egtA01,27,VELELSSEATFLSKTSIGEITAGEKGL
2lvaA02,27,NKDDLQAAIALSLLESPKIQADGRDLN
2dq5A01,29,LMCLEHEDEKVNMYCVTDDQLICALCKLV
3u28B01,30,MHLMYTLGPDGKRIYTLKKVTESGEITKSA
1zmeC01,31,SVACLSCRKRHIKCPGGNPCQKCVTSNAICE
2rh0A02,32,WTSLLESEYAADPWVQDQXQRKLTLERFQKEN
2bh8A02,33,IKSITDFGIFIGLDGGIDGLVHLSDISWAQAEA
2hd0A02,33,GDIINGLPVSARRGQEILLGPADGMVSKGWRLL
3hj6A03,35,GAGDAFWSGFICGLLDGYTVKRSIKLGNGVAAFKI
2x2zD03,35,CTADKFPDSFGACDVQACKRQKTSCVGGQIQSTSV
2emfA01,36,KHFECTECGKAFTRKSTLSMHQKIHTGEKPSGPSSG
3l3sA02,36,RNQAPLRRGLETLNRHLELPLEQAYALATPVXVEHF
3pl5A02,37,LTVQLDGITYETVGPDRLTSRVLLEKIAAGSKPTTSQ
2jubA01,37,ATLTSEVIKANKGREGKPMISLVDGEEIKGTVYLGDG
2jubA02,39,WSAKKDGATIVISPAEETALFKAKHISAAHLKIIAKNLL
3qc1A02,39,YPNLVAMASQRQAKIERYKQKKEVEHRLSALKSAVESGQ
4dmiD01,39,ASQQFRIDSESIRDKLNTLLPSQSRGSIGVDLSGSTTII
2rngA02,40,SDNHSCAGNRGWCRSKCFRHEYVDTYYSAVCGRYFCCRSR
4il6X00,40,TITPSLKGFFIGLLSGAVVLGLTFAVLIAISQIDKVQRSL
1jjoA00,40,TITEWSVNMYNHLRGTGEDENILFSPLSIALAMGMMELGA
3myvA02,41,KYVAAWSVEAKFGSESFFEIANSVDDTLKTAPLECNNVVLR
1devB00,41,SQSPNPNNPAEYCSTIPPLQQAQASGALSSPPPTVMVPVGV
4cykA00,41,MDKINPDWAKDIPCRNITIYGYCKKEKEGCPFKHSDNTTAT
4jx2A01,41,NTYVTPQAFWNLYFDFTGDETPGYPKGKINISQTLFQSEXK
2e1mA01,41,ANEMTYEQLARELLLVGPAPTNEDLKLRYLDVLIDNGLNPP
3ix0A02,42,VSTPVGYDKDNCQRIFKKEDCKYIVVEKKDPKKTCSVSEWII
2b4nA00,42,YAEGTFISDYSIAMDKIHQQDFVNWLLAQKGKKNDWKHNITQ
1olgA00,42,KKKPLDGEYFTLQIRGRERFEMFRELNEALELKDAQAGKEPG
1co4A00,42,MVVINGVKYACDSCIKSHKAAQCEHNDRPLKILKPRGRPPTT
4gv5A00,42,YKQCHKKGGHCFPKEKICLPPSSDFGKMDCRWRWKCCKKGSG
2zuoC12,43,GPGTIRDLAVAGPEMQVKLLQSLGLKSTLITDGSSPINLFSTA
1bjtA01,43,TIAFYNMPDYEKWREEESHKFTWKQKYYKGLGTSLAQEVREYF
1z9hA02,43,QPLEEIITYYPAMKAVNDQGKEVTEFGNKYWLMLNEKEAQQVY
2e9hA02,44,TDLHVNPKKQTIGNSCKACGYRGMLDTHHKLCTFILKNPPENSD
4gh4D00,45,SGNTGSIINNYYMQQYQNSMDTQLNDWFSKLASSAFSGLFGALLA
1q16A09,45,TIAGEAEKAGMNPVDYTVKSLKEGHLGKETDIVTLPPHIMVVERD
3l4gC02,45,LTAEGEEIAREGSDEVQRRLQLVRGGQAEKLGEKERSELRKRKLL
3q10D02,45,PDELFIRDAETLQPLTVDSQQAVILMAAWLGKARLIDNQLVDLRH
1jmqA00,46,FEIPDDVPLPAGWEMAKTSSGQRYFKNHIDQTTTWQDPRKAMLSQM
3ip4C01,46,MTKVTREEVEHIANLARLQISPEETEEMANTLESILDFAKQNDSAD
4ae2C01,46,SPDGSRKNPARNCRDLKFCHPELKSGEYWVDPNQGCKLDAIKVFCN
3b8eB00,46,TGGSWFKILLFYVIFYGCLAGIFIGTIQVMLLTISEFKPTYQDRVA
3n1bA01,46,MDQWSMLRHFDHITKDYHDHIAEISAKLVAIXDSLFDKLLSKYEVK
1vwxh02,46,YKPLDLRPKKTRAMRRRLNKHEENLKTKKQQRKERLYPLRKFAVKA
2eqrA01,46,TDHEKEIFKDKFIQHPKNFGLIASYLERKSVPDCVLYYYLTKKNEN
5ibkB00,47,QRDFISLLPKELALYVLSFLEPKDLLQAAQTCRYWRILAEDNLLWRE
3k2tA01,47,KPMDSEEAVLQMNLLGHSFYVYTDAETNGTNIVYSRKDGKYGLIETN
3rkxA03,47,IWNRTLLFTENDKQFKGQAIDLDYDGYLIVRDEAGESHRLISADIDF
1qhkA00,47,GNFYAVRKGRETGIYNTWNECKNQVDGYGGAIYKKFNSYEQAKSFLG
2ebrA00,47,GSSGSSGPEGSWDCELCLVQNKADSTKCLACESAKPGTKSGFKGFDT
2mf3A00,47,SKECMTDGTVCYIHNHNDCCGSCLCSNGPIARPWEMMVGNCMCGPKA
3vmxA00,48,GSERQILRLKQINIQLATKIQHLEFSCSEKEQEIERLNKLLKQNGLLG
1v5eA04,48,IPVETLKLDSKLYSEDEIKAYKERYEAANLVPFREYLEAEGLESKYIK
1cukA03,48,TDDAEQEAVARLVALGYKPQEASRMVSKIARPDASSETLIREALRAAL
1u78A01,49,MPRGSALSDTERAQLDVMKLLNVSLHEMSRKISRSRHCIRVYLKDPVSY
2d9tA01,49,DECFALYWEDNKFYRAEVEALHSSGMTAVVKFTDYGNYEEVLLSNIKPV
2jz6A01,50,SHSDKKSERWFRPNLQKVRVVLPDGTIKRMRVCTSCLKSGKVKKYVGQVS
2eqpA00,50,GSSGSSGEQAPGTAPCSRGSSWSADLDKCMDCASCRARPHSDFCLGCAAA
2f5kA01,50,ERVLCFHGPLLYEAKCVKVAIKDKQVKYFIHYSGWNKNWDEWVPESRVLK
2zubB01,50,SQTVINKLIEAGYSSLETLAVASPQDLSVAAGIPLSTAQKIIKEARDALD
3um7A02,51,PHEQQAQRELGEVREKFLRAHPCVSDQELGLLIKEVADALGGGADPETQST
2xf5A00,51,GSESLLYGYFLDSWLDGTASEEXXRVAVNAGDLTQEEADKIXSYPWGAWND
3pjvD02,51,NVPDWFVKLIGLEPAGGDALVSRGWEQAARVEVVSHPXFALAKLWQSALGS
1fjkA00,52,MDKVQYLTRSAIRRASTIEMPQQARQNLQNLFINFCLILIFLLLICIIVMLL
2xkoC01,52,MASENYLNHPTFGLLYQICSFGDSKELFATLYAQRLFFLVAFDARGTRFEPI
3b0zA00,52,MKLRMSRQDIRDEFKESEGDPHVKGKIRQMQRAAAQRRMMEDVPKADVIVTN
3m1cA01,52,RGRLAPPGELNLTTASVPMLRWYAERFCFVLVTTAEFPRDPGQLLYIPKTYL
1serA01,53,MVDLKRLRQEPEVFHRAIREKGVALDLEALLALDREVQREKEARLEALLLQVP
2d7lA01,53,KTGFQMWLEENRSNILSDNPDFSDEADIIKEGMIRFRVLSTEERKVWANKAKG
3s24F02,53,FFDICTSRKLLEGNFAKEVSHEMDGLIFQPTGKYKPGRCDDILKWTKEMLFEF
2jv4A00,54,GSMVNTGLPAGWEVRHSNSKNLPYYFNPATRESRWEPPADTDMETLKMYMATYH
2gk6A03,54,VSFLALHNQIRNMDSMPELQKLQQLKDETGELSSADEKRYRALKRTAERELLMN
1e5wA04,55,MRRRKPDTIEVQQMKAQAREEKHQKQMERAMLENEKKKREMAEKEKEKIEREKEE
2r6zA01,55,XTDILIDDTATEAVRTLIRAFPLVPVSQPPEQGSYLLAEHDTVSLRLVGEKSNVI
1zhsA01,55,ASYKVNIPAGPLWSNAEAQQVGPKIAAAHQGNFTGQWTTVVESAMSVVEVELQVE
2z3qD01,55,YSLYSRERYICNSGFKRKAGTSSLTECVLNKATNVAHWTTPSLKCIRDPALVHQR
4kjmA02,56,GTQNLNNAKQAAITAINGASDLNQKQKDALKAQANGAQRVSNAQDVQHNATELNTA
1fzcC03,56,KMLEEIMKYEASILTHDSSIRYLQEIYNSNNQKIVNLKEKVAQLEAQCQEPCKDTV
1oksA00,56,XASRSVIRSIIKSSRLEEDRKRYLXTLLDDIKGANDLAKFHQXLVKIIXKHHHHHH
2jp7A00,57,RLNPVQLELLNKLHLETKLNAEYTFMLAEQSNWNYEVAIKGFQSSMNGIPREAFVQF
1hbwA00,57,TRAHLTEVESRLERLEQLFLLIFPREDLDMILKMDSLRDIEALLTGLFVQDNVNKDA
2e7zA01,57,KKHVVCQSCDINCVVEAEVKADGKIQTKSISEPHPTTPPNSICMKSVNADTIRTHKD
2jjqA01,57,MRGVIRKLNDDGFGVLKGILVPFSAPGDEIIVERVERVKKRRVASQWKLVRSSPLRV
2jspA01,57,QKPAVSVRKSVQDDHIVCLECGGSFKSLKRHLTTHHSMTPEEYREKWDLPVDYPMVA
3m4xA03,58,PCLPITQKEWQSYTAGETFQRDGNQGWVLLVLDKIPVGFGKQVKGTVKNFFPKGLRFH
3qc7A02,58,PYSLPAATTTTLGGVKKGAAVTASTATDVATAVKDLNSLITVLKNAGIISLEHHHHHH
2y4uA02,58,NAKKQEIIKAYRKLALQWHPDNFQNEEEKKKAEKKFIDIAAAKEVLSDPEXRKKFDDG
3f6gA01,58,KVLTIKSCNIHSGIGIRPHAQIELEYQGKIHKEISEGDGGYDAFMNALTKITNRLGIS
4rf1A01,58,TQQLTIEVLVTVDGVNFRTVVLNNKNTYRSQLGCVFFNGADISDTIPDEKQNGHSLYL
4tq1A03,58,SKDAIEAHFMSCMKEADALKHKSQVINEMQKKDHKQLWMGLQNDRFDQFWAINRKLME
1bpeA04,59,DIFNKNMRAHALEKGFTINEYTIRPLGVTGVAGEPLPVDSEQDIFDYIQWRYREPKDRS
2l4eA00,59,GSIKRKDASPEQEAIESFTSLTKCDPKVSRKYLQRNHWNINYALNDYYDKEIGTFTDEV
6jo8A01,60,MSLAIPVMCLLANTTFPCSQPPCTPCCYEKEPEETLRMLEDNVMRPGYYQLLQASLTCSP
1fu1A02,60,PAEVIRELIXYXLDTTAENQAKNEHLQKENERLLRDWNDVQGRFEKXVSAKEALETDLYK
1wj7A01,60,QATAEQIRLAQMISDHNDADFEEKVKQLIDITGKNQDECVIALHDCNGDVNRAINVLLEG
3g5oA02,60,ADEWESLQETLYWLAQPGIRESIAEADADIASGRTYGEDEIRAEFGVPRRPHDYKDDDDK
2r18A02,60,ASEEQILRAATSIYGAPGQAEPPQAFIDEVAKVYEINHGRGPNQEQMKDLLLTAMEMKHR
2vrdA00,61,MPKFYCDYCDTYLTHDSPSVRKTHCSGRKHKENVKDYYQKWMEEQAQSLIDKTTAAFQQGK
3omsA02,61,TFTPAXSLYVTCETEEEIDTVFHKLAQDGAILXPLGSYPFSKKFGWLNDKYGVSWQLTLAE
2hwjA02,61,PFRSLAGALRXAGGYAKVIIPFSEFGWADFLRRRIDRDLLSDSFDDALAEAXKLAKSREAR
1o7dC01,61,GDSAPLNEAMAVLQHHDAVSGTSRQHVANDYARQLSEGWRPCEVLMSNALAHLSGLKEDFA
1b43A02,61,LTREKLIELAILVGTDYNPGGIKGIGLKKALEIVRHSKDPLAKFQKQSDVDLYAIKEFFLN
1s5jA04,61,PGITAVITGLLRDFRVKIYKKKAKNPNNSEEQKLLYDVVQRAMKVFINATYGVFGAETFPL
1nh2D02,61,SKLTVKGNLDTYGFCDDVWTFIVKNCQVTVEDSHRDASQNGSGDSQSVISVDKLRIVACNS
5szxA00,62,LEIKRYKNRVASRKSRAKFKQLLQHYREVAAAKSSENDRLRLLLKQMCPSLDVDSIIPRTPD
6fmeA03,62,LDAFDGTFSYTTDDDTSISFTWRGETSQATLTFEPKRGLGVDNTTPVAMLEWEDSAGDHRSD
1vs9O02,62,FRRLWIQRINAGARLHGMNYSTFINGLKRANIDLNRKVLADIAAREPEAFKALVDASRNARQ
1isuA00,62,GTNAAMRKAFNYQDTAKNGKKCSGCAQFVPGASPTAAGGCKVIPGDNQIAPGGYCDAFIVKK
1y64B01,62,KYPRPHKKLKQLHWEKLDCTDNSIWGTGKAEKFADDLYEKGVLADLEKAFAAREIKSLASKR
3qdrB00,63,GSKPGDSYNTPWGKVIINAAGQPTMNGTVMTADNSSMVPYGRGFTRVLNSLVNNPVSHHHHHH
1x64A01,63,QRMPLCDKCGSGIVGAVVKARDKYRHPECFVCADCNLNLKQKGYFFVEGELYCETHARARTSG
1wznA02,63,CWFYGGRDGPVVWNEQKGEEKLVIMDWREVEPAVQKLRFKRLVQILRPNGEVKAFLVDDELNI
1vz0A01,63,QPRKRFAEESLKELADSIREKGLLQPLLVRPQGDGYELVAGERRYRAALMAGLQEVPAVVKDL
4u3jA03,63,IAEAWKRIDRKFDLMYAKRAFVHWYVGEGMEEGEFTEAREDLAALERDYIEVGADSYAEEEEF
2nrtA02,63,RKRREKESLRSVLDNVPGIGPIRKKKLIEHFGSLENIRSASLEEIARVIGSTEIARRVLDILG
4ifdG01,63,GHMSTFIFPGDSFPVDPTTPVKLGPGIYCDPNTQEIRPVNTGVLHVSAKGKSGVQTAYIDYSS
3f4tA02,64,YRGLKAAMLSHAYEKQEDYFNFNKAVFNSIDSWNYYNLSDLTLLQRIAALSNLKQDAFNQAIND
1x0tA01,64,MVDIVKRRDWEKKEKKKIAIERIDTLFTLAERVARYSPDLAKRYVELALEIQKKAKVKIPRKWK
3oceA03,64,LATALVPVVGYARAAEIAKQALASGQTVMEVAISKGLDASALTIMLDPLRMAFPPETHDKEAHH
3mtsA00,64,GEVEYLCDYKKIREQEYYLVKWRGYPDSESTWEPRQNLKCVRILKQFHKDLERELLRRHHRSKT
1sd4A01,64,SXAEWDVXNIIWDKKSVSANEIVVEIQKYKEVSDKTIRTLITRLYKKEIIKRYKSENIYFYSSN
1wevA01,64,FAMEMGLACVVCRQMTVASGNQLVECQECHNLYHQDCHKPQVTDKEVNDPRLVWYCARCTRQMK
1vw4V00,64,TRITLPRRPAKKIQLGKSRPAIYHQFNVKMELSDGSVVIRRSQYPKGEIRLIQDQRNNPLWNPS
2a6hC04,65,YRRVVGGVVTDEVVYMTATEEDRYTIAQANTPLEGNRIAAERVVARRKGEPVIVSPEEVEFMDVS
5daeA00,65,ERGVCACPRIYMPVCGSNLKTYNNDCLLRCEINSDLGRANNLRKIADQACDNLTDNVNDFIPQEY
4ysxA04,65,REDEYDYSKPIEGQTKRPFEKHWRKHTLTKQDPRTGHITLDYRPVIDKTLDPAEVDWIPPIIRSY
3c1yA03,65,GYRLLKTVARIPLSIGYNVVRMFKTLDQISKASVEDLKKVEGIGEKRARAISESISSLKHRKTSE
1u7iA01,66,PFLXFQGVQAEAAXNFYLSLFDDAEILQIQRYGAEGPGPEGSVLKALFRLGDQSVHCIDSHVRHAF
2xz2A00,66,HMRDEILDPSNLVKNREILYRLMISQLMYDGLEKFAMELSMLVKADQCAPSERLLHVMIAGMQTLS
4yfkA03,67,TVRSANCLKAEAIHYIGDLVQRTEVELLKTPNLGKKSLTEIKDVLASRGLSLGMRLENWPPASIADE
2xdpA01,69,SMCEKVISVGQTVITKHRNTRYYSCRVMAVTSQTNIAHMYQVEFEDGSQIAMKREDIYTLDEELPKRVK
3ibtA02,69,PHPGFWQQLAEGQHPTEYVAGRQSFFDEWAETTDNADVLNHLRNEXPWFHGEXWQRACREIEANYRTWG
4lzgA04,69,SQFPFALLGWTGSKLFQRELRRFSRKEKGLWLNSHGLFDPEQKTFFQAASEEDIFRHLGLEYLPPEQRN
3dv9A02,70,PNHAESWHKIXKRFGFGLSREEAYXHEGRTGASTINIVSRRERGHDATEEEIKAIYQAKTEEFNKCPKAE
1yvcA00,70,MAFGKPAMKNVPVEAGKEYEVTIEDMGKGGDGIARIDGFVVFVPNAEKGSVINVKVTAVKEKFAFAERVL
2re3A02,70,APFVAVDVEVAGQGRKQVLTFTTHVGDSAVAGEGNPIRXAQDPATGEPAPYVHVRAGLEALIDRKSFYRL
4fcyB04,70,LPAEAVNVSRKGEFTLKVGGSLKGAKNVYYNLALMLAGVKKVVVRFDPQQLHSTVYCYTLDGRFICEAEC
3ilkA02,71,EKNYPTTDQLAYFFDYTERIYQSLGFIQNQGVXRKLKRLYYRAKLEKNELNILNGXLSAVEKRIDLTKEDN
2gi3A02,71,PHIKYSVATYYVIAPAEASSTRNVGFGEEVRRRIXIGTFTLSAAYYEAYFNKAXKVRRKISDELNEVLSQY
1c75A00,71,VDAEAVVQQKCISCHGGDLTGASAPAIDKAGANYSEEEILDIILNGQGGMPGGIAKGAEAEAVAAWLAEKK
3s6pG00,72,FAAAVSAFAANMLSSVLKSEATSSIIKSVGETAVGAAQSGLAKLPGLLMSVPGKIAARVRARRARRRAARAN
4a3vB01,72,DLEGRANIFRIHSKSMSVERGIRWELISRLCPNSTGAELRSVCTEAGMFAIRARRKVATEKDFLKAVDKVIS
3zqmA00,72,GSHXARIDARLKEINEKKILQANEVLEHLTRIALGQEKEQVLXGIGKGAETKTHVEVSAKDRIKALELLGKA
5optL03,72,SSNGKVVMVTGGANRGRIGEIMSIERHPGAFDIARLKDAAGHEFATRASNIFVIGKDMQSVPVTLPKQQGLR
1te2A02,72,DSEPLWDRAELDVXASLGVDISRRNELPDTLGLRIDXVVDLWYARQPWNGPSRQEVVERVIARAISLVEETR
2dsmA00,72,MVENPMVINNWHDKLTETDVQIDFYGDEVTPVDDYVIDGGEIILRENLERYLREQLGFEFKNAQLEHHHHHH
3c0kA01,72,XSVRLVLAKGREKSLLRRHPWVFSGAVARXEGKASLGETIDIVDHQGKWLARGAYSPASQIRARVWTFDPSE
4iupA02,73,VEPSECGRVNVGDLXLCFQEREDQALYCDGHVXNIKRGIHDHARCNCVFLVRYELDNTEESLGLERICRRPEE
2w00A02,73,SQSAXLANVREQLQNLNGVVFNDSEWRRFTEQYLDNPSDGILDKTRKIHIDYICDFIFDDERLENIYLIDKKN
3u9gA01,74,GPLGMADPGVCCFITKILCAHGGRMTLEELLGEIRLPEAQLYELLETAGPDRFVLLETGGQAGITRSVVATTRA
3k1rB00,74,ETSPLETFLASLHMEDFAALLRQEKIDLEALMLCSDLDLRSISVPLGPREKILGAVRRRRQAMERPPALEDTEL
2kpqA01,74,DVKWEKPVTISLQNGAPRIFNGVYEAFDFLQHEWPARGDRAHEQALRLCRASLMGDVAGEIARTAFVAASRQAH
4rlqA02,75,MGERPTPDAVFKRWLGGVGGVKPTVFYGAPTGYAGMLAAPNLPSRDQVALRLASSAGEALPAEIGQRFQRHFGLD
2q07A03,76,YTVEIGDFEVKGTIFAGGVLRADEKIRPNDVVVFHNSRIFGVGLAAXSGKEXAGSEKGIAINVKRKFSEGHHHHHH
1hi9A02,76,IFGVRHFYINDRPVGPDRPVLSIEFANYGQAEWANLMPGTEIKTGTTTVQFQAKDMLEAYQAMLVMTELAMRTSFC
2b9vA02,76,WFHYGAFRQGAFDYFVSQMTARGGGNDIPRRDADDYTNFLKAGSAGSFATQAGLDQYPFWQRMHAHPAYDAFWQGQ
4b2jA00,76,MVFKKVLLTGTSEESFTAAADDAIDRAEDTLDNVVXAEVVDQGVEIGAVEERTYQTEVQVAFELDGSQLEHHHHHH
2kt8A00,76,AEKTGIVNVSSSLNVREGASTSSKVIGSLSGNTKVTIVGEEGAFYKIEYKGSHGYVAKEYIKDIKDEVLEHHHHHH
6f5dD01,76,RVGHVSQVIGAVVDVHFADGVPPVLTALDVVDKLGRDEPLTLEIVQHLDAHTGRCIAMQTTDLLKLKAKVVSTGGN
6dkuA01,76,GHMRLPLDPTEFVRVLTGYLTGPRTAFHELVSAIAMVSRDSHDLQVAMDHFNRELMDGFSAHAAIISITQRCEYFR
1pbyA03,76,APQVLAVAPARLKIGEETQLRVAGTGLGSDLTLPEGVAGSVESAGNGVTVLKLTATGTPGPVSLELGGQKVDLVAY
1z5zA02,76,TPEQAAMYKAEVENLFNNIDSVTGIKRKGMILSTLLKLKQIVDHPALLKGGEQDSWITELSTEELRKVIELSVGGY
1aciA00,76,MTFITKTPPAAVLLKKAAGIESGSGEPNRNKVATIKRDKVREIAELKMPDLNAASIEAAMRMIEGTARSMGIVVED
1vr9A01,77,XGSDKIHHHHHHXKVKKWVTQDFLPDFFVHEEDNITHALLLFLEHQEPYLPVVDEEXRLKGAVSLHDFLEALIEALA
4hqnA01,77,DEKVVDEVKYSEEVCKVCTEVERVANCGPWDPWTACSVTCGRGTHSRSRPSLHEKCTTHMVSECEEGECPHHHHHHA
5l2lF00,77,GSEKSLEQCKFGTHCTNKRCKYRHARSHIMCREGANCTRIDCLFGHPINEDCRFGVNCKNIYCLFRHPPGRVLPEKK
1j2zA02,77,NRHRMRQLLESKDIDFIYALYKRLFRPIPSLRESAKLELEEHANNPFVKEICSFILESSRGVAYKSSEYSSEEKQEE
2gutA00,77,GAMGQETDWRSTAFRQKLVSQIEDAMRKAGVAHSKSSKDMESHVFLKAKTRDEYLSLVARLIIHFRDIHNKKSQASV
3ic7A01,77,SNAXNFKESRAIYLQIADRICDDILLGQYEEEGRIPSVREYASIVEVNANTVXRSYEYLQSQEVIYNKRGIGFFVAS
2eapA01,77,VPFRSEVLGWDPDSLADYFKKLNYKDCEKAVKKYHIDGARFLNLTENDIQKFPKLRVPILSKLSQEINKNEERRSIF
2hueB00,77,MALIRKLPFQRLVREIAQDFKTDLRFQSSAVMALQEASEAYLVALFEDTNLCAIHAKRVTIMPKDIQLARRIRGERA
3f1iS00,77,FIDEDKMDQLLQMLQSTDPSDDQPDLPELLHLEAMCHQMGPLIDEKLEDIDRKHSELSELNVKVMEALSLYTKLMNE
3layF00,78,LTTEQQATAQKIYDDYYTQTSALRQQLISKRYEYNALLTASSPDTAKINAVAKEMESLGQKLDEQRVKRDVAMAQAGI
2nr3A02,78,LVPAQVILTGLLLLRGPQTVSELLTRSNRXHDFEDSEQVVHQLERLIARGLATLVPRQSGQREDRYXHLIGDPEDLQD
3zteA00,78,MNMTNNQSNDFVVIKAVEDGVNVIGLTRGTDTRFHHSEKLDKGEVMICQFTEHTSAIKVRGEALIQTANGEMKSESKK
4fw9A02,78,SPENCTALGGWLLAQGFQLTQGGLTRLYDEARRXAEQRDRXDARLVEIRALAEEAAVLGGGLLTAESVEQAIAAREHR
2hpuA02,78,FYVVGSARRGGMGAPEAVPFSSRDEAAAFVLAEGGQVLALADITDAMVLTPVETGSEPRADDEDYLGRLRALPHPAGG
1hnfA02,79,ERVSKPKISWTCINTTLTCEVMNGTDPELNLYQDGKHLKLSQRVITHKWTTSLSAKFKCTAGNKVSKESSVEPVSCPEK
3pubA01,79,MGDSDVPNDILEEQLYNSIVVADYDSAVEKSKHLYEEKKSEVITNVVNKLIRNNKMNCMEYAYQLWLQGSKDIVRDCFP
1iyuA00,79,SEIIRVPDIGGDGEVIELLVKTGDLIEVEQGLVVLESAKASMEVPSPKAGVVKSVSVKLGDKLKEGDAIIELEPAAGAR
3tfcB01,79,NLEELRTQVDQLNIDLLELISKRANLVQEIGKIKGTQGSLRFDPLREREMLNTILAANEGPFEDSTVQKLFKEIFKAGL
2fu2A00,79,XPSEKEILDALSKVYSEQVIQADDYFRQAIFELASQLEKEGXSSLLATKIDSLINQYILTHQFDAPKSIFDLSRLVKTK
2kjpA01,79,NGIYASSVVENMPAKGKIEVGDKIISADGKNYQSAEKLIDYISSKKAGDKVTLKIEREEKEKRVTLTLKQFPDEPDRAG
2xiwA00,79,XRGSHHHHHHGSVKVKFLLNGEEKEVDTSKIRDVSRQGKNVKFLYNDNGKYGAGNVDEKDAPKELLDXLARAEREKKLN
2hd0A01,79,GSHMQASLLKVPYFVRVQGLLRICALARKIAGGHYVQMAIIKLGALTGTYVYNHLTPLRDWAHNGLRDLAVAVEPVVFS
1a91A00,79,MENLNMDLLYMAAAVMMGLAAIGAAIGIGILGGKFLEGAARQPDLIPLLRTQFFIVMGLVDAIPMIAVGLGLYVMFAVA
2uv1A00,79,QQLAREEKEAELADDMEKGIPQHLFESLCIDHLQRHGASKKSITRAFDDDVEFQERMAEHIRYMVETIAHHQVDIDSEV
3p5jB01,80,AARQLVFLLPEHLKDASKKKKKSSLLFVKLANPHSGEGATYLIDMCLQQLFEIKVFKEKHHSWFINQSVQSGGLLHFATP
3h8zA02,80,VRLPPPADYNKEITEGDEVEVYSRANEQEPCGWWLARVRXXKGDFYVIEYAACDATYNEIVTLERLRPVNPNPLATKGSF
2g8lA01,80,XGSDKIHHHHHHXKVQYECLTCXANQCQRIVEXATQDXDIRRRAXILAAKLLAKEYNENAIPAIAGSLIFLELYKFLGND
5d8hB02,80,SPAPVRGGQIAPCDIKVEKGSTGXPPGPFLGELKSVGIPAAIEKGKIAIKEDKVVVKKGEVVSPKLAAVLDRLGIKPIKV
1wthD04,80,KNATIYAHSFLDSSIPMITTGKGENSIVVSRSGAYSEMTYRNGYEEAIRLQTMETIDPVKVKNEFKSDTTTEESSSSNKQ
1pzwA00,80,DICRLCLRGVSGAQMCLQIFDVDSGESKVAEVLRQHFWFEVLPNDEISKVICNVCWTQVSEFHQFYVSIQEAQVIYATTS
5nbtD00,80,MGMSLQMIVENVKLAREYALLGNYDSAMVYYQGVLDQMNKYPYSVKDTHLRQKWQQVWQEINVEAKQVKDIMKTLESFKL
2efeA01,81,MRKPSAGDFVKSIKSFIVSFSNNAPDPEKDCAMVQEFFSKMEAAFRAHPLWSGCSEEELDSAGDGLEKYVMTKLFTRVFAS
2mzjA00,82,GNRFIVFVGSLPRDITAVELQNHFKNSSPDQIRLRADKGIAFLEFDADKDRTGIQRRMDIALLQHGTLLKEKKINVELTVGG
6g3xC02,82,VSLAQLYSHWASVDSHFQRVAVPVDVHVWQIAHRDYGWHPKTSQAKGPSPLANKELGNFFRNLWGPYAGWAQAVLFSADLRQ
2cwoA02,83,TPMHKETASDTLNAFLEEYCRITGLAREDALREKMRKVKSVVLFHHSELLKFEVTENMFSYTELLKLNLSLRVISSQILGMAI
3thrA01,83,ADGEAARVWQLYIGDTNYDYILSTGCAPPGKNIYYKSDLTKDITTSVLTVNNKAHMVTLDYTVQVPGAGRDGAPGFSKFRLSY
2cptA01,83,GMSSTSPNLQKAIDLASKAAQEDKAGNYEEALQLYQHAVQYFLHVVKYEAQGDKAKQSIRAKCTEYLDRAEKLKEYLKNKEKK
3h0dA02,84,VKTKSEAQLIDQLLELIDHRISQSSAEDVIKRLXEEKVISEREAKXXLSVXDRSVLYIDLPERDELRARXLKAXLTSLKYKLEI
4zeyA00,84,GXEGPLNLAHQQSRRADRLLAAGKYEEAISCHKKAAAYLSEAXKLTQSEQAHLSLELQRDSHXKQLLLIQERWKRAQREERLKA
3b0zB00,84,PTHYSVALQYDENKMSAPKVVAKGAGLIALRIREIGAEHRVPTLEAPPLARALYRHAEIGQQIPGQLYAAVAEVLAWVWQLKRW
3i6vA02,84,ASSYVATSDGADLSGIVAAQTATIQAGYIAESGATLVEFATPEETIAAVRNGEADAVFADRDYLVPIVAESGGELMFVGDDVPL
2xsjA04,84,WRDDIRIDQEAVAAYVGGEIQPNGGAHSGKDWGAFDIQKEVIDLCPTECMWMEDGKLQINNRECTRCMHCLNVMPRALRIGNDR
1u5tB01,85,LFLDEIAREIYEFTLSEFKDLNSDTNYMIITLVDLYAMYNKSMRIGTGLISPMEMREACERFEHLGLNELKLVKVNKRILCVTSE
4faoC00,85,GADPVKPSRGPLVTCTCESPHCKGPTCRGAWCTVVLVREEGRHPQEHRGCGNLHRELCRGRPTEFVNHYCCDSHLCNHNVSLVLE
3dnjA00,85,TQKPSLYRVLILNDDYTPMEFVVYVLERFFNKSREDATRIMLHVHQNGVGVCGVYTYEVAETKVAQVIDSARRHQHPLQCTMEKD
1vx7H01,86,MKTIVSTQKVLIPEGVKVAINARKVTVSGKYGTLRRSFRHLPIDIRLNKLKKYIKVVMWFGVPDSLACIRTVCTHLKNMFTGVTKK
3gygC02,86,SKEKVEKLVKQLHENHNILLNPQTQLGKSRYKHNFYYQEQDEINDKKNLLAIEKICEEYGVSVNINRCNPLAGDPEDSYDVDFIPI
2dsyA00,87,XDGXGTLTRYLEEAXARARYELIADEEPYYGEIPDLPGVWATGKSLKECEANLQAALEDWLLFLLSRGETPPPLGEVRIELPHGEAA
1nrkA02,87,WALATITGADSEKYXQGQVTADVSQXAEDQHLLAAHCDAKGKXWSNLRLFRDGDGFAWIERRSVREPQLTELKKYAVFSKVTIAPDD
3rguB00,87,SVRENLDKMISEAEVLNDMAARKLITLDAEQQLELMKSLVATQSQLEATKNLIGDPNATVADLQIAYTTLGNNTQALGNELIKLNPN
3pntA01,87,XHHHHHHTFGNXERDLFEKKFKEIKDKWVTDKQADEFIETADKYADKAVQXSAVASRAEYYRXYVSRKYQYKKEFVEKLKQVYKESG
2vfrA03,87,EMEQHVFTELPLAGLDPATFETVMAAAYSVSLFTDWRAPGFRQVWLKRRTDRPLDGFPYAAPAAEKMHPVPGMPAVNCTEQFGVPGP
4nzjA03,87,QAERSIRSDHYDIWVKPLADGRKAVACFNRASSPQTVILNENTIADLSFEQIYCLDNHLTKSGSDSKELIVKLAPYQCKVYIFGKTD
2d3dA00,88,LSSNSSMNPKSLTDPKLLKNIPMWLKSLRLHKYSDALSGTPWIELIYLDDETLEKKGVLALGARRKLLKAFGIVIDYKERDLIDRSAY
2ip2A01,88,MNNSNLAAARNLIQVVTGEWKSRCVYVATRLGLADLIESGIDSDETLAAAVGSDAERIHRLMRLLVAFEIFQGDTRDGYANTPTSHLL
1x2gA02,88,AFSHLLDERFTWGGVELHFDVEKGHITRAQVFTDSLNPAPLEALAGRLQGCLYRADXLQQECEALLVDFPEQEKELRELSAWXAGAVR
3bpqD00,88,MKVLFAKTFVKDLKHVPGHIRKRIKLIIEECQNSNSLNDLKLDIKKIKGYHNYYRIRVGNYSIGIEVNGDTIIFRRVLHRKSIYDYFP
4wweA02,89,PHGLGKQVRVLAIAKGEKIKEAEEAGADYVGGEEIIQKILDAWMDFXXXXXXXXXXXXXXXXXXXXXXXXXXXXXXXXXXXXXXXXXXX
1f00I02,89,TLTIDDGNIEIVGTGVKGKLPTVWLQYGQVNLKASGGNGKYTWRSANPAIASVDASSGQVTLKEKGTTTISVISSDNQTATYTIATPNS
3ho1A03,89,SLEAWLAQGHPLPKRVRNAYDRRTWELLRLGEEDPKELPLPGGLSLLDYHASKGRLQGREGGRVAWVADPKDPRKPIPHLTGLLVPVLT
4rv0A01,89,GAXEPNRLIVEEAQNDDNSVVSLSQAKXDELQLFRGDTVILKGKRRKETVCIVLSDDTCPDEKIRXNRVVRNNLCVHLSDVVSVQSCPD
2zrrA00,89,GDDRRKKAEVIITELLDDLEIDLGNESLRKVLGSYLKKLKNEGTSVPLVLSRMNIEISNAIKKDGVSLNENQSKKLKELMSISNIRYGY
3sdeB02,89,SLTVRNLPQYVSNELLEEAFSVFGQVERAVVIVDDRGRPSGKGIVEFSGKPAARKALDRCSEGSFLLTTFPRPVTVEPMDQLDDEEGLP
3lywA00,90,RDPTLTLSLIAKNTPANSXIXTKLPSVRVKTEGYNPSINVNELFAYVDLSGSEPGEHDYEVKVEPIPNIKIVEISPRVVTLQLEHHHHHH
4gc5A02,90,KQPFKLVEKVVQNAFQFRRKYCHRGLGXLFPEAQRLESTGRLLQLADIDPTLRPTHLSLXHFKSLCDVYRKXCDEDPQLFTYNFREELKQ
4w4lA00,90,MSFVITNPEALTVAATEVRRIRDRAIQSDAQVAPMTTAVRPPAADLVSEKAATFLVEYARKYRQTIAAAAVVLEEFAHALTTGADKYATA
2vnuD04,90,STETGYVIKVFNNGIVVLVPKFGVEGLIRLDNLTEDPNSAAFDEVEYKLTFVPTNSDKPRDVYVFDKVEVQVRSVXDPITSKRKAELLLK
2bbrA01,90,MSDSKEVPSLPFLRHLLEELDSHEDSLLLFLCHDAAPGCTTVTQALCSLSQQRKLTLAALVEMLYVLQRMDLLKSRFGLSKEGAEQLLGT
1qu3A05,92,VDQALLDKWRTFMNLRDDVNRALETARNEKVIGKSLEAKVTIASNDKFNASEFLTSFDALHQLFIVSQVKVVDKLDDQATAYEHGDIVIEHA
3jamD01,92,MVAIISKKRKLVADGVFYAELNEFFTRELAEEGYSGVEVRVTPTKTEIIIRATKVQDVVGENGRRINELTLLIEKRFKYKRGTIALYAERVH
3nzpB03,93,YAENKLILKKQNPKLIDELYDLYKSIKPSNALEYLHDSIDHLESILTLFDLGYVDLQDRSNAEILTHLITKKAILLLGDKQNPADLLAIQDEV
3beeA00,93,SNAVTATQLAAKATTLYYLHKQAXTDEVSLLLEQALQLEPYNEAALSLIANDHFISFRFQEAIDTWVLLLDSNDPNLDRVTIIESINKAKKLX
2r2zA00,93,SNADEVENLYTQVADNEYLVQGRXLIDEFNEVFETDLHXSDVDTXAGYLITALGTIPDEGEKPSFEVGNIKLTAEEXEGTRLLVLRVHFYDEE
3bqtA00,93,XSLANLSELPNIGKVLEQDLIKAGIKTPVELKDVGSKEAFLRIWENDSSVCXSELYALEGAVQGIRWHGLDEAKKIELKKFHQSLEGHHHHHH
3dp7A02,93,DKMARVNMEFNHDVNYQGLFHLEEALLNGRPEGLKVFGEWPTIYEGLSQLPEQVQKSWFGFDHFYSDWDRQRYETASYCLTQISLYFTAMANG
3kioC01,93,AAPAKLHLLPCDVLVSRPAPVDRFFTPAVRHDADGLQASFRGRGLRGEEVAVPPGFAGFVXVTEEKGEGLIGKLNFSGDAEDKADEAQEPLER
5i0cA00,93,XEIREGHNKFYINDKQGKQIAEIVFVPTGENLAIIEHTDVDESLKGQGIGKQLVAKVVEKXRREKRKIIPLCPFAKHEFDKTREYDDIRSASN
1wh4A01,94,TYIRNLNVGILRKLSDFIDPQEGWKKLAVAIKKPSGDDRYNQFHIRRFEALLQTGKSPTCELLFDWGTTNCTVGDLVDLLVQIELFAPATLLLP
3aekB04,94,KRVFIFGDGTHVIAAARIAAKEVGFEVVGMGCYNREMARPLRTAAAEYGLEALITDDYLEVEKAIEAAAPELILGTQMERNIAKKLGLPCAVIS
1wb3A02,94,NTESYFKMPLDHAFPIKGAGTVVTGTINKGIVKVGDELKVLPINMSTKVRSIQYFKESVMEAKAGDRVGMAIQGVDAKQIYRGXILTSKDTKLQ
3ajfA00,94,NGLSNIVLTCKDLPIPIDLLSLFFDILNERHPSFDEHXFLQXIRKPDDPENLSVFLKSAIWXLSHKRDLPGHYRLPLTCLVSTYSEYFVELKPR
2ex3B02,95,PQYYEKKMIQLQLNFIKSVEGSFNSFDAADELIEELKKIPPDDFYELFLRISEISFEEFDSEGNTVENVEGNVYKILSYLEQYRRGDFDLSLKGF
2vveA01,95,SFQEQTTKSRDVNSFQIPLRDGVRELLPEDASRNRASIKSPVDIWIGGENMTALNGIVDGGRKFEAGQEFQINTFGSVNYWVSDEGYAQILMERT
2wssW01,95,GIEGRYATALYSAASKQNKLEQVEKELLRVGQILKEPKXAASLLNPYVKRSVKVKSLSDXTAKEKFSPLTSNLINLLAENGRLTNTPAVISAFST
1lpbA00,95,VPDPRGIIINLDEGELCLNSAQCKSNCCQHDTILSLSRCALKARENSECSAFTLYGVYYKCPCERGLTCEGDKSLVGSITNTNFGICHNVGRSDS
1k32A04,95,RSGRIACDFKLDGDHYVVAKAYAGDYSNEGEKSPIFEYGIDPTGYLIEDIDGETVGAGSNIYRVLSEKAGTSARIRLSGKGGDKRDLMIDILDDD
4xvoA01,95,SNAAVSTPVEVAQVEPAAGAVVGVAHPVTVRFAEPVTDRRSAERSLRIASTDTSAGRFRWPEAAVXEWTPDEFWPAHSTISLSVGGVKTSFNTGA
3zihB00,95,SVQKSSKVVLSEPRVYAEAQEIADHLKNRRAVVVNLQRIQHDQAKRIVDFLSGTVYAIGGDIQRIGSDIFLCTPDNVDVSGTISELISEDEHQRW
4oj5A01,95,MNEMFSQGGKGSTGILTNKQAVARHFGVKQSEVVYFSVGVDLGGYKVIYDKETQRAYSLPVGIASGTTAVSLSTAAVLVHSAGSVDLGSLAVSRE
2xn7A02,96,ANPFDPSKTEDSSSFLIDKTTTVQVPMMHQMEQYYHLVDMELNCTVLQMDYSKNALALFVLPKEGQMESVEAAMSSKTLKKWNRLLQKGWVDLFVP
1whoA00,96,VPKVTFTVEKGSNEKHLAVLVKYEGDTMAEVELREHGSDEWVAMTKGEGGVWTFDSEEPLQGPFNFRFLTEKGMKNVFDDVVPEKYTIGATYAPEE
2w51A01,96,LRPGDCEVCISYLGRFYQDLKDRDVTFSPATIENELIKFCREARGKENRLCYYIGATDDAATKIINEVSKPLAHHIPVEKICEKLKKKDSQICELK
3hyrA02,96,VHYAQPLLNEADSLAKVXPSDIPLKQRRWLGLQXLEGDIYSRAYAGEASQHLDAALARLRNEXDDPALHIADARYQCIAAICDVVSNTLTAEPSRF
3hh2D01,96,GNCWLRQAKNGRCQVLYKTELSKEECCSTGRLSTSWTEEDVNDNTLFKWMIFNGGAPNCIPCKETCENVDCGPGKKCRMNKKNKPRCVCAPDCSNI
2gviA02,97,YXPXGYRAGSYALKIAGLEKEKDHRTYLLSEXSPEDXNGCFNDGAQAATGCTYGKGLFSLLGYGKLALILYRPGRKAIRVHVEDEEIFEYREIDGFT
3lh5A01,98,GDSFYIRTHFEYEKESPYGLSFNKGEVFRVVDTLYNGKLGSWLAIRIGKNHKEVERGIIPNKNRAEQLASVQYVQTKFPAYERVVLREANQLVWVSEG
1etvA00,98,MFEQRVNSDVLTVSTVNSQDQVTQKPLRDSVKQALKNYFAQLNGQDVNDLYELVLAEVEQPLLDMVMQYTRANQTRAALMMGINRGTLRKKLKKYGMN
1z8rA02,98,DTIARCQCTTGVYFCASKSKHYPVSFEGPGLVEVQESEYYPKRYQSHVLLATGFSEPGDAGGILRCEHGVIGLVTMGGEGVVGFADVRDLLWLEDDAM
4fomA02,99,EPTVSLIKGPDSLIDGGNETVAAICIAATGKPVAHIDWEGDLGEMESTTTSFPNETATIISQYKLFPTRFARGRRITCVVKHPALEKDIRYSFILDIQY
1fc6A01,99,XVTSEQLLFLEAWRAVDRAYVDKSFNGQSWFKLRETYLKKEPXDRRAQTYDAIRKXLAVLDDPFTRFLEPSRLAALRRGTAGSVIQTVVDLSDGSGVAV
1z3iX03,99,TPLQKELYKLFLKQAKPVESLQTGKISVSSLSSITSLKKLCNHPALIYEKCLTGEEGFDGALDLFPQNYSTKCVVDEEQDVERHFSLGELRELFSLNEK
1p3hB00,99,AKVNIKPLEDKILVQANEAETTTASGLVIPDTAKEKPQEGTVVAVGPGRWDEDGEKRIPLDVAEGDTVIYSKYGGTEIKYNGEEYLILSARDVLAVVSK
2kjgA00,99,MSILEDPEFVKLRQFKGKVNFNLVMQILDEIELDLRGSDNIKTSIIYVYSSHLDEIRKNKEFYDMIAEILQRYYKKIGIENVNQLILTTIKLEHHHHHH
2kt9A01,99,SFILKVLWLDQNVAIAVDQIVGKGTSPLTSYFFWPRADAWQQLKDELEAKHWIAEADRINVLNQATEVINFWQDLKNQNKQISMAEAQGKFPEVVFSGS
1khfA02,100,ILRRLKKYDNCWLALNGFFGVAPGTSVKTNPNAIKTIQKNTIFTNVAETSDGGVYWEGIDEPLASGVTITSWKNKEWSSEDGEPCAHPNSRFCTPASQCP
3g74A00,100,SNAXSDTLYIKXDQAVEITKKQVTVGDVAKLQCKNKNITNRLKSXKLLEDTTKGKKRYIVSIXKIIEXADQTFQNVDIQNIGETECVVEFKTPKKDDGPX
4khbD02,100,TNLENKEHSLRGWNWGKAEFGKAELTFNVQNRPAFEIPYSEIANTNLAGRNEIAVEFAPGDHGKSSQNGQVKSKKASASRDQLVEIRFYIPGTTTRKEAE
3gyxB02,100,ADFAPMGGTCIPLRGSEDIMWTIKFRNGSVKRFKFPIRTTPEGSIKPFEGKPEAGDLENELLFTETALTVPQVALGQKAQIADAETSQCWFDLPCEGGNR
3pqiA02,100,KIATATDSSEEVDSEKVIISNNKQTYASFDPNGNISVYNTQGMKIDMTPNSIVLTDAGGGKLTLQGGTMTYKGGTVNLNGLTITPDGRMTDSGGIGLHTH
4dwnA00,100,SNADQTYCDRLVQDTPFLTGHGRLSEQQVDRIILQLNRYYPQILTNKEAEKFRNPKASLRVRLXDLLSHLQRSGERDCQEFYRALYIHAQPLHSRLPSRH
3ce8A00,100,STEQLLVLIAQNDIKDDIVDTLIELEFLSGFSLGNICGFSREHSHFNIKEQVEGYREFCKFEIXHPAAQQAALLTALALVCKHNPCRYWIXPIYQNGTLS
1nz6A00,101,KEMDPEKLKILEWIEGKERNIRALLSTXHTVLWAGETKWKPVGXADLVTPEQVKKVYRKAVLVVHPDKATGQPYEQYAKXIFXELNDAWSEFENQGQKPLY
2pbiA02,101,TQQWPAEDTDYAIYLAKRNIKKKGILEEYEKENYDFLNKKINYKWDFVIMQAKEQYRTGKERNKADRYALDCQEKAYWLVHRSPPGMNNVLDYGLDRVTNP
4c2mK00,101,PDREKIKLLTQATSEDGTSASFQIVEEDHTLGNALRYVIMKNPDVEFCGYSIPHPSENLLNIRIQTYGETTAVDALQKGLKDLMDLCDVVESKFTEKIKSM
4hppA01,101,MNRLQPVRLVSFVTTDLAGITRGRSLPLATLEEQLASGCGWVPANSSLTPQDLIDESSPWGSHGDLRLLPDPNSRVRVEQGPDAAAPALDYLHGNLVETDG
3f56A02,101,KPSTSWTEVICAITPDHAVLINRQNRSGSXIQSGXSXFILETEPAGYVLKAANEAEKSANITIIDVKAVGAFGRLTLAGKEGDVEEAAAAAIRAIDQISNY
2x7pA02,102,PLLWAVSTGSNRDDVTDAKQLKRIGVSRIGSGSYVXSFVLAHQLGVPSFDQFQVLSNFKNLRDSVNLKDGVEGSDAFXWEYFTSKKYYDNHEIKQIDQIYTP
6dc6A06,102,RFEVQGLQPNGEEMTLKQFLDYFKTEHKLEITMLSQGVSMLYSFFMPAAKLKERLDQPMTEIVSRVSKRKLGRHVRALVLELCCNDESGEDVEVPYVRYTIR
3q1cA01,102,SHMASSWDEMSCAEKLLKVLSFGLWNPTYSRSERQSFQELLTVLEPVYPLPNELGRVSARFSDGSSLRISVTNSESIEAEIRTPDNEKITVLLESNEQNRLL
5o5jC02,103,NPESQAQLVAQGVAEQLSNRVAFRRAMRKAIQSAMRQPNVKGIRVQCSGRLGGAEMSRSEFYREGRVPLHTLRADIDYGLYEAKTTFGRIGVKVWIYKGDIVG
2pf4F02,103,PDFGGFWDATEVFASSLNPGVDAIYCKQWPECVKKMSTNCICLLCLLRMKHENRKLYRKDPLVWVDCYCFDCFRMWFGLDLCEGTLLLWCDIIGQTTYRDLKL
2krtA01,103,ANEDFKKIVNNIRLKDTFDFKLAAFPNQNYDQLLPSQIYKNYYQGIEIQQHKYQNELDIKIINFLYPDGDFGSANKNGTLKLSLMLTDKKNNQVYYKLLEVSG
2c5zA00,104,GAMGKTVSQSQRLEHNWNKFFASFVPNLIKKNPQSKQFDHENIKQCAKDIVKILTTKELKKDSSRAPPDDLTKGKRHKVKEFINSYMDKIILKKKQKKALGLSS
1sw1A02,104,DYALAVRADWAEENGVEKISDLAEFADQLVFGSDPEFASRPDGLPQIKKVYGFEFKEVKQXEPTLXYEAIKNKQVDVIPAYTTDSRVDLFNLKILEDDKGALPP
3pj0A02,104,RIGKXAEYFEAAKGLAERFNSCSGVKTVPEVPVSNXFHVYFENSADEIGAILTKIQDETGVGISGYLQEKSADVCAFEVSVGDAFAEIPAKNLELVFRCLEKEL
1cmbA00,104,AEWSGEYISPYAEHGKKSEQVKKITVSIPLKVLKILTDERTRRQVNNLRHATNSELLCEAFLHAFTGQPLPDDADLRKERSDEIPEAAKEIMREMGINPETWEY
3k5bB00,104,GGGLGLIKSLAEKEKQLLERLEAAKKEAEERVKRAEAEAKALLEEAEAKAKALEAQYRERERAETEALLARYRERAEAEAKAVREKAXARLDEAVALVLKEVLP
3x1lB03,105,RELGSTKKALFYFSTPTIGKVGEIVQELEKRLNAKIDDYLLVSSRPTAISGWDMHEKKPKGTKFAIPPGSVLFVEFKEEVEVPPYIKLGKLKKLGYGLALGGIWE
3t5qG01,105,SFLWTQSLRRELSGYCSQKSILRVGTLTSDDLLILAADLEKLKSKVIRSPQTMDGILKSILKVKKALGMFISDTPGERNPYENILYKICLSGGRAWENTVVDLES
2xocA01,105,PYVVCRQCPEYRRQAAQPPHCPAPEGEPGAPQALGDAPSTSVSLTTAVQDYVCPLQGSHALCTCCFQPMPDRRVEREQDPRVAPQQCAVCLQPFCHLYWGCTRTG
3q0iA02,105,KEEARINWSDAATHIERCIRAFNPWPXSHFEVAENSIKVWQARVETRAVTQTPGTIIQADKSGIYVATGQDVLVLESLQIPGKKALPVQDILNARADWFSVGSQL
2jdjA00,105,XETIIHKIRLFDVAQADAFEFWVQNVDYATCPDLPSVVRFDVHRASLQANAPYHYVEVIKITDRAAFDADXETSTFAGLVQAFSRXAEVVEELAGEQLGSGYAAG
1r6bX05,106,LSTDVIHQVVDKFIVELQVQLDQKGVSLEVSQEARNWLAEKGYDRAMGARPMARVIQDNLKKPLANELLFGSLVDGGQVTVALDKEKNELTYGFQSAQKHKAEAAH
1imhC02,106,TQPAGVPEILKKSLHSCSVKGEEEVFLIGKNFLKGTKVIFQENVSDENSWKSEAEIDMELFHQNHLIVKVPPYHDQHITLPVSVGIYVVTNAGRSHDVQPFTYTPD
4lduA02,106,TEFFCKTLTASDTSTHGGFSVPRRAAEKLFPPLDYSAQPPTQELVVRDLHENTWTFRHIYRGQPKRHLLTTGWSLFVGSKRLRAGDSVLFIRDEKSQLMVGVRRAN
1r2jA01,106,MPERDALLTDLVGDRAAEWDTSGELPRDLLVRLGADGLLCAEVAAEHGGLGLGSRENGEFTAHVGSLCSSLRSVMTSQGMAAWTVQRLGDAGQRATFLKELTSGKL
1kooA01,106,VRRDRAPPERGGAGTSQDGTSKNWFKITIPYGRKYDKAWLLSMIQSKCSVPFTPIEFHYENTRAQFFVEDASTASALKAVNYKILDRENRRISIIINSSAPPHTIL
1v8hA00,107,PFRTIARLNPAKPKAGEEFRLQVVAQHPNEPGTRRDAEGKLIPAKYINLVEVYFEGEKVAEARPGPSTSANPLYAFKFKAEKAGTFTIKLKDTDGDTGEASVKLELV
1n0uA03,107,IRQFATRYAKKFGVDKAKMMDRLWGDSFFNPKTKKWTNKDTDAEGKPLERAFNMFILDPIFRLFTAIMNFKKDEIPVLLEKLEIVLKGDEKDLEGKALLKVVMRKFL
1o0sA02,108,KRSAELLKEPRLNKGMGFSLYERQYLGLHGLLPPAFMTQEQQAYRVITKLREQPNDLARYIQLDGLQDRNEKLFYRVVCDHVKELMPIVYTPTVGLACQNFGYIYRKP
3d85D02,108,NKTFLRCEAKNYSGRFTCWWLTTISTDLTFSVKSSRGSSDPQGVTCGAATLSAERVRGDNKEYEYSVECQEDSACPAAEESLPIEVMVDAVHKLKYEQYTSSFFIRDI
1h67A00,108,MPQTERQLRVWIEGATGRRIGDNFMDGLKDGVILCELINKLQPGSVQKVNDPVQNWHKLENIGNFLRAIKHYGVKPHDIFEANDLFENTNHTQVQSTLIALASQAKTK
3d4gE03,108,VECLEAELVVTVSRDLFGTGKLVQPGDLTLGSEGCQPRVSVDTDVVRFNAQLHECSSRVQMTKDALVYSTFLLHDPRPVSGLSILRTNRVEVPIECRYPRLEHHHHHH
6m90A01,108,RDFITALPARGLDHIAENILSYLDAKSLCAAELVCKEWYRVTSDGMLWKKLIERMVRTDSLWRGLAERRGWGQYLFKNKPPDGNAPPNSFYRALYPKIIQDIETIESN
1ofcX04,108,RAPFHQLRLQYGNNKGKNYTEIEDRFLVCMLHKLGFDKENVYEELRAAIRASPQFRFDWFIKSRTALELQRRCNTLITLIERENIELEEKERAEKKKKAPKGSVSAGS
2x2uA02,108,ACSSLKPRELCFPETRPSFRIRENRPPGTFHQFRLLPVQFLCPQISVAYRLLEGEGLPFRSAPDSLEVSTRWALDREQREKYELVAVCTVHAGAREEVVMVPFPVTVY
4ec6A00,109,SQSKIDTFGRYFLTYYFSQEKNQENYQSSLRTYVSEKVDISDWKALGKTLKSVNYYGSEQTKKGYSVEYLLNVSVDNRSKXQKITFEVEPTKNGFLVTTQPKLTDFSFN
1sm7A00,109,QPQKCQREFQQEQHLRACQQWIRQQLAGSPFSENQWGPQQGPSLREQCCNELYQEDQVCVCPTLKQAAKSVRVQGQHGPFQSTRIYQIAKNLPNVCNMKQIGTCPFIAI
3e0zA00,109,GXITSIARQSIILKCLRQKSVLVSNYELYYTAGLAKKCFGIAVDADXEPKQLLEELQKHIDKVSPADEQEKYLIHLLGNYEPDDTHDEQTVELFHXGETEEHIWQVSIT
3sxxD02,109,STEEVIRNDPAVIEQCVLSGIPANEMHKVYCDPWTIGYDERWGTGKRLQQALVYYRSDEDDSQYSHPLDFCPIVDTEEKKVIFIDIPNRRRKVSKHKHANFYPKHMIEK
2kcaA00,109,MYEEFRDVITFQSYVEQSNGEGGKTYKWVDEFTAAAHVQPISQEEYYKAQQLQTPIGYNIYTPYDDRIDKKMRVIYRGKIVTFIGDPVDLSGLQEITRIKGKEDGAYVG
3kk4A01,109,ANQRSYSVQARSLRLHGVATSVRLEQLFWDVLEEIAARDGXRVTQLIERLYDELVQYRGEAANFTSFLRVCCLRYQVLQAEGRIPADATVPIRSLDAQAVLRGLPANLY
3qq5A02,109,GDLIDGGDLVILVVPIDLGAPKGRLIMPQVHAIREALDREAIALVVKERELRYVMENIGMKPKLVITDSQVAMKVASDVPEDVELTTFSIVESRYRGDLAYFVESVRKI
3qauA02,109,RQMIGQVALYQVANPKLAQEKIASKKAELLELANQAYPSIVKRGGGARDLHVEQIKGEPDFLVVYIHVDTQEAMGANMLNTMLEALKPVLEELSQGQSLMGILSNYATD
3u1lA02,110,RKKNKTLYVGGIDGALNSKHLKPAQIESRIRFVFSRLGDIDRIRYVESKNCGFVKFKYQANAEFAKEAMSNQTLLLPSDKEWDDRREGTGLLVKWANEDPDPAAQKRLQE
4tyzA00,110,NIEGVFRKSFPDLAGETLLDSFNCAWVEGSALKQGYLFITPHWLCFQSTLAAAHFSIEYDEIKDIIKSKSVKMFENAIEVKTHLNDTIFLTNFLQRDQAYSALMSQWLKQ
4n0rA03,110,AAPHPLEXADISRDLVTSTAGPDYYLVNXGKDVKGFWTFNLPVKNADYNKLQKNKRFKVEIIDVWAXTVTEYPVIFETTEELDYRVFDIHHRGVRIPDAPYIVLRITEVK
4p17A02,110,GANKKKAGHAANYYSIMVKAGEESQYKKDIETDSTHTFPDHPWLSSPDGRAALCRVLQAYSVHNERVGYVRAMNTIVGLMLVALNRNEEAAFWLLAALVEDILYPGTYSR
1oxjA02,110,ERANILNRVEQELLSGQMELSTAVEELTNIVLTPMKPLESPGPPEENIGLRFLKVIDIVTNTLQQDPYAVQDDETLGVLMWILDRSIHNEAFMNHASQLKDLKFKLSKMK
2gx8A02,110,YAEEMKKVVVFVPVTHAEEVRKALGDAGAGHIGNYSHCTFSSEGTGTFVPQEGTNPYIGETGQLERVEEVRIETIIPASLQRKVIKAMVTAHPYEEVAYDVYPLDNKGET
1r4cA00,110,GGPMDASVEEEGVRRALDFAVGEYNKASNDMYHSRALQVVRARKQIVAGVNYFLDVELGRTTCTKTQPNLDNCPFHDQPHLKRKAFCSFQIYAVPWQGTMTLSKSTCQDA
2q2tA03,111,KQFKDAEATIISMTALFKNTNTKTKDNFGYSKRSTHKSGKVEEDVMGSIEVDYDGVVFSIGTGFDADQRRDFWQNKESYIGKMVKFKYFEMGSKDCPRFPVFIGIRHEEDR
5eghA02,111,TDIFWMDKVIELSNYISLDDLQQVKDRGPVVSLWPVPGKHSEIYHKLRTVEHMTVYEKESIPNRFYYKKGKFVSPLTLVADEGWFIAESREMLPFWMNSTGKREGWQRGWH
1wh0A01,111,EPESMVNLAFVKNDSYEKGPDSVVVHVYVKEICRDTSRVLFREQDFTLIFQTRDGNFLRLHPGCGPHTTFRWQVKLRNLIEPEQCTFCFTASRIDICLRKRQSQRWGGLEA
4jixB00,112,GPMAINENKKDIKDIVNEILISLNINESINIEIKPMKQKIASFSFKTKTLRLNKYVVENFDEELLHYIILHELIHFKIKSINHGIKFENELRNYFSKNECDEIELKIIQKLI
5x0fA01,112,MGVEKVPKYDIPTKKVDYVFIELDKMKPHAQLVQKELEAFIESVTGSGIFWKPMLLAKVPGEDMYLIVDGHHRWAGLQKLGAKRAPSVILDYFSDDLPFNPDKIDVKLEELF
2mcmA00,112,APGVTVTPATGLSNGQTVTVSATGLTPGTVYHVGQCAVVEPGVIGCDATTSTDVTADAAGKITAQLKVHSSFQAVVGADGTPWGTVNCKVVSCSAGLGSDSGEGAAQAITFA
4bjjA00,112,GAMGSLKISDNEYALIEHPGFANNKDAFFQTLGGVQSIQKACQTSFQNPAAALLELNLRPKDKYHHPVQARVQSRNDLLVTIKKMDNSVQNVSRIRQVFLFRDMADFQYSTQ
4p29A02,112,DXIEAVKARIEXDKNLTDVQRHQDNIDKTWALLRSANTGVINNASDEGNAALGGWLTLIKAYNDYIRQPVQLSQALQSWKNAYPNHAAATLFPKELLTLLNFQQVEHHHHHH
4rt0A00,112,EAQRQFARVKLPARIRYIGANREGVDARLLDLSAGGFAFTASGAPIQPGDLYKGKXLFQVDSISFSLEVEFQVRSVDPASRRVGCEFQNLKPREVAALRYLITSYLAGERQA
3n5lA02,113,GYWSLLIANKDSKIDSLEDXLANAKSLTFGNGDPNSTSGYLVPGYYVFAKNNVDPVKAFKRTLNSSHEVNALAVANKQVDVATFNTEGXERLELTQPEKARQLKVIWKSPLIP
4a18H00,113,MAKTSTSPVAPTRLWVKAAFTGFRRSKHTQNSNQALLKLQNVNTKEDVAFYQGKRVVYIYKGQKKNGSNYRTIWGRIGKAHGNNGVAVARFAHNLPPQAIGSVLRVMLYPNRA
3dnpA02,113,RISDDHTFNIVQVLESYQCNIRLLHEKYSIGNKKKVNSNLLGKALIHPSDPIFYPVQFVESLSDLLXDEPVSAPVIEVYTEHDIQHDITETITKAFPAVDVIRVNDEKLNIVP
2y38A02,113,QHNTCGGSCDRCCPGFNQQPWKPATTDSANECQSCNCHGHAYDCYYDPEVDRREASQNQDNVYQGGGVCLDCQHHTTGINCERCLPGFFRAPDQPLDSPHVCRPAAAHHHHHH
3b5kB00,113,LEIPTSTVVKETLTQLSAHRALLTSNETLRLPVPTHKNHQLCIGEIFQGLDILKNQTVRGGTVERLFQNLSLIKKYIDRQKEKCGEERRRTRQFLDYLQEFLGVLSTEWAIEG
1irxA04,113,DLGLGILNLYDEFEKVERIYFGVEGGKGDDEELRRTYELSMPKKPERLVAQAPFRFLAVLVQLPHLTEEDIINVLIKQGHIPRDLSKEDVERVKLRINLARNWVKKYAPEDVK
1qusA01,113,GGDFANNPNAQQFIDKMVNKHGFDRQQLQEILSQAKRLDSVLRLMDNQKTRILDALATLSFNYPRRAEYFSGELETFLLMARDEQDDPLNLKGSFAGAMGYGQFMPSSYKQYA
2b5dX02,114,TNDWIYRHLHEMIERMIDLSKKYYNSSDPLVERVLNQMLRELFLAQSSDWAFIMTTRTSVQYAENRTKLHIKRFLNLYDQLVSGRIDEEMLRYYEWTDAIFPEINFRVMARDVI
2p6vA00,114,TVPGATTTSSAATETMENVXXCXNFLSTLIXLASSGXQSTETAANVXELVQNLLDGXIEAEDFTSRLYRELNSSPQPYLVPFLXRSLPALRQLTPDSAAFIQQSQQQPPPPTSQ
2ls0101,114,TTPTTNLKIYKVDDLQKINGIWQVRNNILVPTDFTWVDNGIAADDVIEVTSNGTRTSDQVLQKGGYFVINPNNVKSVGTPMKGSGGLSWAQVNFTTGGNVWLNTTSKDNLLYGK
2hz8A00,115,MDELRELLKAEQQAIKIYKEVLKKAKEGDEQELARLIQEIVKAEKQAVKVYKEAAEKARNPEKRQVIDKILEDEEKHIEWLKAASKQGNAEQFASLVQQILQDEQRHVEEIEKKN
3ezqA00,115,NLSDVDLSKYITTIAGVMTLSQVKGFVRKNGVNEAKIDEIKNDNVQDTAEQKVQLLRNWHQLHGKKEAYDTLIKDLKKANLCTLAEKIQTIILKDITSDSENSNFRNEIQSLVLE
5t5wA02,115,GMQVEVLADSLHMRFLAPKIENEYETWTMKNVYNSWTYNVQYWKQGTDEKFQITPQYDFEVLRNLEPWTTYCVQVRGFLPDRNKAGEWSEPVCEQTTHDETVPSAAAHHHHHHHH
1qhhC00,115,LFEALGELEMIGLGAKAAGALAAFRSQLEQWTQLQEYVSVTELVEEVLDKSGYREMLKAERTIEAQSRLENLDEFLSVTKHFENVSDDKSLIAFLTDLALISDLDELDGTEQAAE
3aonB00,115,XTYKIGVVGDKDSVSPFRLFGFDVQHGTTKTEIRKTIDEXAKNEYGVIYITEQCANLVPETIERYKGQLTPAIILIPSHQGTLGIGLEEIQNSVEKAVGQNILSGPSSGENLYFQ
4dxwB01,116,MTPFFSSLKDNRIFQFTVVSIIILNAVLIGATTYELDPLFLETIHLLDYGITIFFVIEILIRFIGEKQKADFFKSGWNIFDTVIVAISLIPIPNNSSFLVLRLLRIFRVLRLISVI
3ifuA02,116,FPTVECSPAGACWLSAIFPIARMTSGNLNFQQRMVRVAAEIYRAGQLTPTVLKTLQVYERGCRWYPIVGPVPGVGVYANSLHVSDKPFPGATHVLTNLPLPQRPKPEDFCPFECAM
2basA03,116,SSDDDFIKKLAEELTDCSFRIYXCDEEGDQLTGNVFKQDGEWIYQPEYAEKNWSWRPYFLENIXRXRNLRKGFFSDLYSDLETGEXIRTFSYPXDDQXYLFIDLPYSYLYEQDGLI
4ejqA02,117,TPHLVNLNEDPLMSECLLYYIKDGITRVGREDGERRQDIVLSGHFIKEEHCVFRSDSRGGSEAVVTLEPCEGADTYVNGKKVTEPSILRSGNRIIMGKSHVFRFNHPEQARQERERT
2b8mA00,117,GXIEKVYEFKRDAKTKVVEKLVNTEHVQINHIVLPRGEQXPKHYSNSYVHLIIIKGEXTLTLEDQEPHNYKEGNIVYVPFNVKXLIQNINSDILEFFVVKAPHPKKLNAPEDPIKCE
3qo6C01,117,MAAFVVSTPKKLQTDELATVRLFQENTPSVVYITNLAVRQDAFTLDVLEVPQGSGSGFVWDKQGHIVTNYHVIRGASDLRVTLADQTTFDAKVVGFDQDKDVAVLRIDAPKNKLRPI
2b9wA02,118,GDKVDGPKLRREFLHEDGEIYVPEKDPVRGPQVMAAVQKLGQLLATKYQGYDANGHYNKVHEDLMLPFDEFLALNGCEAARDLWINPFTAFGYGHFDNVPAAYVLKYLDFVTMMSFAK
1svmA02,118,TREQMLTNRFNDLLDRMDIMFGSTGSADIEEWMAGVAWLHCKDYLKHCLERSEFLLEKRIIQSGIALLLMLIWYRPVAEFAQSIQSRIVEWKERLDKEFSLSVYQKMKFNVAMGIGVL
2w0nA00,118,GHMGLEPYEISTLFEQRQAMLQSIKEGVVAVDDRGEVTLINDAAQELLNYRKSQDDEKLSTLSHSWSQVVDVSEVLRDGTPRRDEEITIKDRLLLINTVPVRSNGVIIGAISTFRDKT
1fu1A01,118,MERKISRIHLVSEPSITHFLQVSWEKTLESGFVITLTDGHSAWTGTVSESEISQEADDMAMEKGKYVGELRKALLSGAGPADVYTFNFSKESXYFFFEKNLKDVSFRLGSFNLEKVEN
1a3dA00,119,NLYQFKNMIKCTVPSRSWWDFADYGCYCGRGGSGTPVDDLDRCCQVHDNCYNEAEKISGCWPYFKTYSYECSQGTLTCKGDNNACAASVCDCDRLAAICFAGAPYNDNNYNIDLKARCQ
5dj1A01,119,LNIADGHARRDAADGGLADLHAFILHNRSVVRRALAGVEGVSFPDPESRSSVERVAFAGRTGTEVWEELQRHHVFALPCRQFHWAEPSDGDHMVRIALSRSTEPLEKSVQVLRTVLETR
1nbuA00,119,MADRIELRGLTVHGRHGVYDHERVAGQRFVIDVTVWIDLAEAANSDDLADTYDYVRLASRAAEIVAGPPRKLIETVGAEIADHVMDDQRVHAVEVAVHKPQAPIPQTFDDVAVVIRRSR
4hfvA01,119,GXSFELVAYEKLKGSIRESIITLIKSHNEKAKIIEDKLEYSVKEVSRERQPQVLVLLKTIELLDNSSKEPEDKARVLNALAYYIRDQIAATYKYTSPDNSDFYKSLTISLDLNKDNNPN
4yvoA00,119,PKKQELISKLKTGKTFLRNQEPEKAYTEFKIALELAQSLKDPTEEKKAARGLGASLQRQGKYREAIQYHSMVLAISKRESEDSGITEAYGAIADCYTELGDLEKAGKFYDTYIARLETD
2kcdA00,120,MTLELQLKHYITNLFNLPRDEKWECESIEEVADDILPDQYVRLGPLSNKILQTNTYYSDTLHKSNIYPFILYYQKQLIAIGFIDENHDMDFLYLHNTVMPLLDQRYLLTGGQLEHHHHHH
3ghfA00,120,MSLSNTPIELKGSSFTLSVVHLHEAEPEVIRQALEDKIAQAPAFLKHAPVVINVSGLESPVNWPELHKIVTSTGLRIIGVSGCKDASLKVEIDRMGLPLLTEGKEKAVRPAPEGHHHHHH
3devA02,120,PFQGYVLQNFELSDSHEYCQIKITNDVLKQFDIQPNEASQFVNTVADISGLKIWXFGVDEGDQIRCRIRSKGITINDVANQFGGGGHPNASGVSVYSWDEFEELAQALRQKLLEHHHHHH
2jiiA01,121,YFQSMTTSLEALPTGTVLTDKSGRQWKLKSFQTRDNQGILYEAAPTSTLTCDSGPQKQKFSLKLDAKDGRLFNEQNFFQRAAKPLQVNKWKKLYSTPLLAIPTCMGFGVHQDKYRFLVLPS
3mfiA04,121,KSMMSNKNLRGKSCNSIVDCISWLEVFCAELTSRIQDLEQEYNKIVIPRTVSISLKTKSYEVYRKSGPVAYKGINFQSHELLKVGIKFVTDLDIKGKNKSYYPLTKLSMTITNFDIIDLQK
4noiA02,121,GYAPTAIHIDGVAHEFDSXRGXLEDVALFIINLKKLRFKIKGDSNKEIVEFSFKGSKEIYGKDLNNDQVEVVNKDAYLATINEDAELKFTLIVEKGIGYVPSEEIKELINDPKFIALDAFF
3zxsA03,121,GPDYIRSNGLGHSAALPPLYWGKPTRMACLSAAVAQTRDLAYAHHIQRLMVTGNFALLAGVDPAEVHEWYLSVYIDALEWVEAPNTIGMSQFADHGLLGSKPYVSSGAYIDRMSDYCRGCA
1dlyA00,121,SLFAKLGGREAVEAAVDKFYNKIVADPTVSTYFSNTDMKVQRSKQFAFLAYALGGASEWKGKDMRTAHKDLVPHLSDVHFQAVARHLSDTLTELGVPPEDITDAMAVVASTRTEVLNMPQQ
2qupA00,122,GVSFSEVMGKQRDEKAYERLQALMSKIDDQGKLLSETRTIEELRKYKELVKEFVGDAVELGLRLEERRGFNRRGRTKIYKIVKEVDRKLLDLTDAVLAKEKKGLDILNMVGEIKGLLINIYA
2hgsA04,122,NNPSKGLALGIAKAWELYGSPNALVLLIAQEKERNIFDQRAIENELLARNIHVIRRTFEDISEKGSLDQDRRLFVDGQEIAVVYFRDGYMPRQYSLQNWEARLLLERSHAAKCPDIATQLAG
2r6fA04,122,AKLEVDLDLVIPNDELTLKEHAIAPWEPQSSQYYPQLLEAVCRHYGIPXDVPVKDLPKEQLDKILYGSGGEPIYFRYTNDFGQVREQYIAFEGVIPNVERRYRETSSDYIREQXEKYXAEQP
1r9fA01,122,PSWTEWRLHNDETNSNQDNPLGFKESWGFGKVVFKRYLRYDRTEASLHRVLGSWTGDSVNYAASRFFGFDQIGCTYSIRFRGVSITVSGGSRTLQHLCEXAIRSKQEXLQXAPIEVESNVSR
1xv2A02,122,KASKTFPLQQLSQDDVFAQIKNEXLSENLFSAVKIYGTFKHXHVRXXPAQQPPYTRLIDSARRQPEEKRQDIRGAIVGFFTPELFHGVGSAGFHIHFADDERAYGGHVLDFEVDDVVVEIQN
4p02B02,122,AAIGTEPTSFIAALTAQAESGRPVEIRTPTPPDEATLRTLAQALGRPLPDEALPLALSKPWSAETGPTYARITLLPSDADRVSIRRGGDGAVVLVLEHPPEGSPNASLVADLLGATPTLPPP
1uthA01,123,TRNSFDPFASTRTFNLAMTDIGEMYFMPPLMEALAQRAPHIQISTLRPNAGNLKEDMESGAVDLALGLLPELQTGFFQRRLFRHRDIAINLFWHAKYNRDPGNMWLRQLFVELFSEAHHHHHH
3h4cA02,123,EDSERRLRDTFADNLLVKYILKLGLQVSLYLPHCKRLLTALGRVEALAGLTVADRVTTALLLARTAQTLSWEQGTHISKGKECDLGMEAIYANFSSKAHLEVTKVNKIMHLAVDVLPLIQAAF
3klqA01,123,GAKDSTVQTSISVENVLERAGDSTPFSVALESIDAMKTIEEITIAGSGKASFSPLTFTTVGQYTYRVYQKPSQNKDYQADTTVFDVLVYVTYDEDGTLVAKVISRRAGDEEKSAITFKPKRLV
3pv4A01,123,MPSMAPVLKNIMPAIVNVAVQGYLPNDVTPPGSAGNDEENQPNNRPPQSRMPEKGRKFESIGSGVIIDPNNGVIITNDHVIRNASLITVTLQDGRRLKARLIGGDSETDLAVLKIDAKNLKSL
2kieA00,124,GPLGSMEPPLPVGAQPLATVEGMEMKGPLREPCALTLAQRNGQYELIIQLHEKEQHVQDIIPINSHFRCVQEAEETLLIDIASNSGCKIRVQGDWIRERRFEIPDEEHCLKFLSAVLAAQKAQS
3dzaA01,125,GATDSATAAPAAAATTQVQKEAADVLQVAVQGANAXRDIQFARLALFHGQPDSAKKLTDDAAALLAADDASWAKFVKTDAKAKXIADRYVIPLNQTRKAVAQSQELLKAGKYYEANLVLKGAEEG
3c4nA02,125,PLLHLLPAGEGSGLTPTLDALADFPEALALLDPARLPVARVDRLDLLSGAQTPVLRASGLTLRPQNGGYTLVPAIHHRDPHGYHPAGGSLTGVPTGLRRELLEDLVGLXDAVPALAGEGLELGRS
4a3sA02,125,ALNTVIDAIDKIRDTATSHERTYVIEVMGRHAGDIALWAGLAGGAESILIPEADYDMHEIIARLKRGHERGKKHSIIIVAEGVGSGVEFGKRIEEETNLETRVSVLGHIQKHTVEQNMYQLSKEL
4hq1A02,126,DPRVKSLLLIASSFDYPPRLAESWKGNDPCTNWIGIACSNGNITVISLEKMELTGTISPEFGAIKSLQRIILGINNLTGMIPQELTTLPNLKTLDVSSNKLFGKVPGFRSNVVVNTNGNPDIGKDK
2i0kA02,126,NGITVNTGGPVATVTAGAGASIEAIVTELQKHDLGWANLPAPGVLSIGGALAVNAHGAALPAVGQTTLPGHTYGSLSNLVTELTAVVWNGTTYALETYQRNDPRITPLLTNLGRCFLTSVTMQAGP
5gipA02,127,KRDLLAIQAVRAMDDIDKTINLFSERLREWYSIHFPELDKLIEDHEEYATIVSRFGDRGFLTIDSLKELGFNEQRINRILDAAKKSIGADISEDDLSAMRMIANTILDLYNIRRNLNNYLEGVMKEV
4m1uA02,127,FRQIQREFRQALSETAPVYTMTPGDVDLTLNWGRISNVLPEYRGEDGVRVGRISFNNISAILGTVAVILNCHHQGARSVRAVNEESQPECQITGDRPVIKINNTLWESNTAAAFLNRKSQFLYTTGK
3toyA01,127,TTAAITGVTARAVITPMKRPLRNAFGVIDSGPLVLIDVTTDQGVTGHSYLFAYTRLALKPLVHLVEDIGRELAGKALVPVDLMKAMDAKFRLLGWQGLVGMAVSGLDMAFWDALGQLAGESAVAKYQ
3ffjA04,127,KXAIRVEDQLXLGNEIXIAPVYEQNARGRYVYLPEEXKFIKFXPDGSISEEVLEKGVHYVDVALNEVPLFIRSGKCIPVAEAAECVKDIDTENXQLIGYEGSSYTLYEDDGIHKDYDKKENYRVLTK
4bqnA02,127,PTVNSPYGLPPHPEGYVDALIAGAVVMDVDKETYLRHLEEIGASLRIDIDVTKMSLYPIYRDCFDFSELNRMNEYQVLYKKKAYEPYLLEQFEWFERSPKADVSAFFDRVAANRRWVRTALRRAFES
2it9A00,127,GXIKKEGPGWRIIFDSSRDNFSTLIGGETWAIELDKSEWKILVEVVXELCDQYKLVKEQLXGDEDITLELERRPWLAILNGDQYGWNLRLILSASGLFNRGAEVYWPRHVTNNVVNAXRSXWDSDYL
2gscC00,128,MENRESAQRPHERLDAWRDSMELVEMIYRLTEVFPDQERYGLTAQLRRAAVSIPSNIAEGAARRSTPDYSRFLSIARGSLSELDTQVQIAARLGYSRSEDDQSVRRQVDLVFAKLTALMNALRRRGAA
3g0kA00,128,ARTAEEQANHDLVIEXYNKVLIAXDSSAVDRYIAPGYVQHSSLAEPSVEALKGFLDRVRAESPDARQTIHRSFVDGDHVITHTHVERWPGDAGLAVVDIFRVEGGXIVEHWDVIQDVPANPVNPNSXF
2z0uA00,128,GATRIQIALKYDEKNKQFAILIIQLSNLSALLQQQDQKVNIRVAVLPCSESTTCLFRTRPLDASDTLVFNEVFWVSXSYPALHQKTLRVDVCTTDRSHLEECLGGAQISLAEVCRSGERSTRWYNLLS
3hlzA02,129,AELIPVRLSEIYQINEGYEWVVSTVKQELKKDFQGVEEDLEKIQQVIDSGKISPKKKDEWLAIGITVCAILTNEVEGXEWKTLIDGNREVPVLEYQGRTIDPXKIAWSKVKAGQPCNIAEAYQSAIDHH
4r0lC00,129,SNKILVKQLPRLVVYNNEVNLSCKYTYNLFSKEFRASLYKGVDSAVEVCVVNGNYSHQPQFYSSTGFDCDGKLGNETVTFYLRNLFVNQTDIYFCKIEVMYPPPYIGNEKSNGTIIHVKSAWSHPQFEK
4lleA00,130,SNAQEQRXSHHYATIEVSQQLLQLLGDQLVILLRETPDGQALERSQNDFRRVLEQGRANTVDSAEQAALDGVRDAYLQLQAHTPALLEAPXADNDGFSEAFNGLRLRLQDLQQLALAGISEAETSARHRA
4jxuB01,130,QSXAVDTSPRSTTWTFVDGEWLAGNPPLIGPTSHAXWLGSTVFDGARWFDGIAPDLDLHCQRVNRSAEALGLKPTXSAEEIEGLAWEGVKKFDGKTAIYVKPXYWGEHGSWSVVAVDPESTRFALCLFEA
4w8pA02,130,GQQGLVEPTQFARANQAIQMACQSLGEPGCTQAQVLSAATIVAKHTSALCNSCRLASARTANPTAKRQFVQSAKEVANSTANLVKTIKALDGDFTEENRAQCRAATAPLLEAVDNLSAFASNPEFSSVPA
4hwmA00,130,GGCVQVDRYEDVVKAPAPAGLAGFWQTKGPQSAXXSPDAIASLIVTKEGDTFDCRQWQRVIAQPGKLXNRDSEIYNVTASLDIYPVEREGNTISYDRXTLSRVERLTPECEKAWAKARATGPVSAPASTR
4efaC00,130,GPKVPESGSMNLAAAERKKTGDLSVRSLHDIVKPEDFVLNSEHLTTVLVAVPKSLKSDFEKSYETLSKNVVPASASVIAEDAEYVLFNVHLFKKNVQEFTTAAREKKFIPREFNYSEELIDQLKKEHDSA
3ukgA02,131,RKFSADEDYTLAIAVKKQFYRDLFQIDPDTGRSLITDEDTPTAIARRNMTMDPNHVPGSEPNFAAYRTQSRRGPIAREFFKHFAEEHAAHTENAWRDRFRKFLLAYGIDDYISYYEAEKAQNREPEPMKNL
3wkyB01,131,VELWPSMDEELRQLFYLPYESTSTLADRLGIQLPPLELSPETGTAVTVLDPELKAKLGSALSIPEGIPFFAFNKQHSQAVKDLSKVFIEAKSLNVLKDVAIMVKDHVNSAVFLAALYHTYYERKDLSPGDT
2e4tA01,131,GSRSEPAKVVDIRIDTSAERKPIGKGGKFGDTSVKCETSDIEVSSAYASIVGEDDSKLHIILLNKNYDQPTTFNFSIDSSKNYTIGNVWAFDRGSSNITQRTPIVNIKDNTFTYTVPALTACHIVLEAAEP
3iabB01,132,XALKKNTHNKSTKRVTKHKQIHTTIFVKSTTPYVSALKRINKFLDSVHKQGSSYVAVLGXGKAVEKTLALGCHFQDQKNKKIEVYTKTIEVLDEVITEGQADIDXESDVEDDDKETQLKKRAVSGVELRIYV
2c10A02,132,YHRRPVLFQEYLDIDQMIFNRELPQASGLLHHCCFYKHRGRNLVTMTTAPRGLQSGDRATWFGLYYNISGAGFFLHHVGLELLVNHKALDPARWTIQKVFYQGRYYDSLAQLEAQFEAGLVNVVLIPDNGTG
2h5nC00,133,MGLGRQSLNIMTFSGQELTAIIKMAKSMVMADGKIKPAEIAVMTREFMRFGILQDQVDLLLKASDSIEASQAVALIARMDEERKKYVASYLGVIMASDGDIDDNELALWTLISTLCGLPTMTVMEAINNMKNL
1uurA02,133,PQHSAPKPNVALVLKSQPFPVVISKGKQLGENQLVVLVLTGARSNFHINGPVKATMICDSHPTNKNNPTTPLEMDSQPIYPATLTAHFPLKFLAGTRKCSVNLKFGVNIRDLDNVTTTVESDASNPFVVITNE
4e5nC01,133,MLPKLVITHRVHEEILQLLAPHCELITNQTDSTLTREEILRRCRDAQAMMAFMPDRVDADFLQACPELRVIGCALKGFDNFDVDACTARGVWLTFVPSAVRAVRLEIERCAAQNILQALAGERPINAVNRLPK
1sm4A01,133,ISKKQDEGVVVNKFRPKEPYIGRCLLNTKITGDDAPGETWHMVFSTEGEIPYREGQSIGVIADGVDANGKPHKLRLYSIASSALGDFGDSKTVSLCVKRLVYTNDKGEEVKGVCSNFLCDLKPGADVKITGPV
2hwjA01,134,XTHIYEPRLSRIAIDKLRPTQIAVGFREVELKRKEWRETRKKDGDDFLGNHIVPVVAGPKDRAYLIDHHHLVLALSKEGVEHVLTSEVAKFSHLGKDEFWSVXDHRNLIYPFDAQGLRRQSGDIPKNIHDLEDD
1qy9A01,134,XKPQVYHVDAFTSQPFRGNSAGVVFPADNLSEAQXQLIARELGHSETAFLLHSDDSDVRIRYFTPTVEVPICGHATVAAHYVRAKVLGLGNCTIWQTSLAGKHRVTIEKHNDDYRISLEQGAVILFHAEWAIEL
4g3dD01,134,VHALQGSVSSGQAHSLTSLAKTWAARGSRSREPSPKTEDNEGVLLTEKLKPVDYEYREEVHWATHQLRLGRGSFGEVHRMEDKQTGFQCAVKKVRLEVFRAEELMACAGLTSPRIVPLYGAVREGPWVNIFMEL
2lydA00,134,GPHMADLMADESITRMNLAAIKKIDPYAKEIVDSSSHVAFYTFNSSQNEWEKTDVEGAFFIYHRNAEPFHSIFINNRLNTTSFVEPITGSLELQSQPPFLLYRNERSRIRGFWFYNSEECDRISGLVNGLLKSK
5cj3A00,135,SNAMAVLLSGVPVLAALDVSTTQKFWIEVLGFTEEFLTEDFGGVSRDGVELFICSVEDQVVPDNTQAWLRVRDIDALHAEWSARVSSDYADASHPAMTAIREVPWGREFGLRDPAGNLVHFSELSEAAETTRTVR
2obnA01,135,GXRLPLNQRVAILLHEGTTGTIGKTGLALLRYSEAPIVAVIDRNCAGQSLREITGIYRYVPIVKSVEAALEYKPQVLVIGIAPKGGGIPDDYWIELKTALQAGXSLVNGLHTPLANIPDLNALLQPGQLIWDVRK
1pp1X02,135,TTYTTIKEYLAECXDATLTIPVVAYEIRDFLEVSAKLKEDHADLFPFLGAIRHPDAIKLAPRSFPNLASAAFYWSKKENPTXAGYRASTIQPGASVKETQLARYRRREISRGEDGAELSGEISAIXKXIGVTGLN
5vnxA01,135,TADSACDAHMTVNGREIVGFASNDYLGLAAHPGDEGDARRAHLAALIERTRALLRRTRWQPVDSHTAVQPLVIGSNEATLAAMRALDAHGLWVPAIRPPTVPAGTSRLRISLSAAHSFDDLARLETALLRASEEA
3hn2A02,135,DLKRARWEKLVWNIPFNGLCALLQQPVNLILARDVSRKLVRGIMLEVIAGANAQGLATFIADGYVDDMLEFTDAMGEYKPSMEIDREEGRPLEIAAIFRTPLAYGAREGIAMPRVEMLATLLEQATGEGHHHHHH
5l3eB00,136,RAKRKPPKGMFLSQEDVEAVSANATAATTVLRQLDMELVSVKRQIQNIKQTNSALKEKLDGGIEPYRLPEVIQKCNARWTTEEQLLAVQAIRKYGRDFQAISDVIGNKSVVQVKNFFVNYRRRFNIDEVLQEWEAE
5g6rB02,136,TDAGSASLHDLALLSGMYGLFSGFLHAVALIKSGQDTSTTATGLLPLLTPWLSAMTGYLSSIAKQIDDGDYATQGSNLGMQLAGVENIIRAGEEQRVSSQMILPIKALIEQAVGEGHGGEDLSALIEYFKVGKNVD
4inoA01,136,QEVKVKDYFGEQTIKLPVSKIIYLGSFAEVPAMFHTWDRVVGISDYAFKSDIVKATLKDPERIKPMSSDHAAALNVELLKKLSPDLVVTFVGNPKAVEHAKKFGISFLSFQEKTIAEVMEDIDTQAKALEVDASKK
1sb7A02,136,IGGSNLQGAQRWAQTNTPVRDRNKRSFWLSAARSALFNQIVAERLKKADVNQVVDGDALQLAGRGSWFVATTEELAELQRRVNDKELXITAALPGSGEWGTQREALAFEQAAVAAETELQALLVREKVEAARRAXL
5b1aB02,136,NPSLTVKTMGHQWYWSYEYTDYEDLSFDSYMIPTSELKPGELRLLEVDNRVVLPMEMTIRMLVSSEDVLHSWAVPSLGLKTDAIPGRLNQTTLMSSRPGLYYGQCSEICGSNHSFMPIVLELVPLKYFEKWSASML
3edvA01,137,MRHRLFQLNREVDDLEQWIAEREVVAGSHELGQDYEHVTMLQERFREFARDTGNIGQERVDTVNHLADELINSGHSDAATIAEWKDGLNEAWADLLELIDTRTQILAASYELHKFYHDAKEIFGRIQDKHKKLPEEL
1arbA02,137,VGAYSKSGTLACTGSLVNNTANDRKMYFLTAHHCGMGTASTAASIVVYWNYQNSTCRAPNTPASGANGDGSMSQTQSGSTVKATYATSDFTLLELNNAANPAFNLFWSWTGGGAAASRLSDWLDPASTGAQFIDGLD
5iepA00,137,DQSAKEAIEAALADFVKVYNSKDAAGVASKYMDDAAIFPLDMAPVDGRQNIQKLWQGLMDMGVSEPKFTTLNVQKSGDFAFESGSFSLKGPGKDSKLVDIAGIYVEVWRKGQDGGWKLYRTIANLDPAKLEHHHHHH
3k3uA00,137,GFKQDIATIRGDLRTYAQDIFLAFLNKYPDERRYFKNYVGKSDQELKSMAKFGDHTEKWFNLMMEVADRATDCVPLASDANTLVQMKQHSSLTTGNFEKLFVALVEYMRASGQSFDSQSWDRFGKNLVSALSSAGMK
1ka1A02,137,HVRHLKDTKDMITLEGVEKGHSSHDEQTAIKNKLNISKSLHLDSQAKYCLLALGLADVYLRLPIKLSYQEKIWDHAAGNVIVHEAGGIHTDAMEDVPLDFGNGRTLATKGVIASSGPRELHDLVVSTSCDVIQSRNA
1c30A08,137,STMKKHGRALLSVREGDKERVVDLAAKLLKQGFELDATHGTAIVLGEAGINPRLVNKVHEGRPHIQDRIKNGEYTYIINTTSGRRAIEDSRVIRRSALQYKVHYDTTLNGGFATAMALNADATEKVISVQEMHAQIK
3pebA00,137,SNAXSKLDRIRHFLNENKSGLAIVSDPVTVNYLTGFDCDPHERQXFLFVYENREPALFVPALEVARASSVLDFPVFGYVDSENPWQKIKAGLASTDIPIIYAEFDNLNVTKFQGLQTVFEGRFENLTPFIHKXRVIK
4kt3B00,137,GSHXATDSLQPARIKDSGLTREQAEQVLRVALKHQDYQLQRPGVFIDGDLQDENGKPPHPGYYDFSLGYNDPKAGATEYWGLFSVSLNTGDTWEINSCKRLDGAELRALQRRVXARTGKSLADEKSQREGLGCEDQQ
4z7aA03,137,RRQVVKAEVSSHRIQVVTDAGVIMDFPCSYGEADLARNVTRNGIHVVTEKYSDFYMSNPAAGYSHIHERWAVRISNNGEFIHANPMSAGAQGNSNVTNGCINLSTENAEQYYRSAVYGDPVEVTGSSIQLSYADGDI
3mwdB01,138,GKSTTLFSRHTKAIVWGXQTRAVQGXLDFDYVCSRDEPSVAAXVYPFTGDHKQKFYWGHKEILIPVFKNXADAXRKHPEVDVLINFASLRSAYDSTXETXNYAQIRTIAIIAEGIPEALTRKLIKKADQKGVTIIGPA
5k9tA02,138,DSSEMYKRVNKIIPHLIRQEKEDSETFQGEGHFSVDEKSRQVNLTERGLVLIEELLVKEGIMDEGESLYSPANIMLMHHVTAALRAHALFTRDVDYIVKDGEVIIVDEHTGRTMQGRRWSDGLHQAVEAKEGVQIQNE
3qooA00,138,SNAXDFNELFPVGTYRRXVKKVSVSDTVTNRSKALEEFXSTAAFLETXTQLAVEILDHKLPEGFVSVGVRSEVHNLAPAVLGDDVTFTVTVDRVEGNRVVLSXKADDPHGPVATGLQERVVVSTDLLEKRVWERFGGR
2gaeA02,138,VIQARHTRQGEFQYPIYRMPPKRGRLPSRAEIYAGALSDKYILAYSNSLMDNFIMDVQGSGYIDFGDGSPLNFFSYAGKNGHAYRSIGKVLIDRGEVKKEDMSMQAIRHWGETHSEAEVRELLEQNPSFVFFKPQSFA
3hnwA00,138,SNAXSSKNTAEVILGGKVIKLGGYESEEYLQRVASYINNKITEFNKEESYRRXSAELRTDXXYLNIADDYFKAKKXADSLSLDIENKDKEIYDLKHELIAAQIKAESSAKEIKELKSEINKYQKNIVKLETELNDSKK
2iojA00,139,RNPVLAGLSVEEIREAVSGEYLIEPREEKXVEQVVIGAXSPQSALRYLREARNAALVTGGDRSDLLLTALEXPNVRCLILTGNLEPVQLVLTKAEERGVPVILTGHDTLTAVSRLESVFGRTRIRGEPKVGIXRELFES
2ipaB00,139,MENKIIYFLSTGNSARSQMAEGWAKQYLGDEWKVYSAGIEAHGLNPNAVKAMKEVGIDISNQTSDIIDSDILNNADLVVTLSGDAADKCPMTPPHVKREHWGFDDPARAQGTEEEKWAFFQRVRDEIGNRLKEFAETGK
4o1hA00,139,XGSSHHHHHHSSGLVPRGSHXSLDLLVXTAEADATAVLPALDLLPHTVRVRAPEVTALLDAGHRDVILLDARSDLASAKSLCRXLKGTGEDEAATPIIAVVGEGGLVAVSAEWRTDDILLPTAGPAEVDARLRXVTTRD
3aesA02,139,CGLTSIVWLHRKXQDAFFLVVGSRTCAHLLQAAAGVXIFAEPRFGTAVLEEQDLAGLADAHKELDREVAKLLERRPDIRQLFLVGSCPSEVLKLDLDRAAERLSGLHAPHVRVYSYTGSGLDTTFTQGEDTCLAAXVPT
2ykgA03,139,DKFKYIIAQLMRDTESLAKRICKDLENLSQIQNREFGTQKYEQWIVTVQKACMVFQMPDKDEESRICKALFLYTSHLRKYNDALIISEHARMKDALDYLKDFFSNVRAAGFDEIEQDLTQRFEEKLQELESVSRDPSNE
4mi7A00,140,GPVDEGIDIIECENLLKEMNVQKIPESSLFTNIKEALQAEVFNSTVEDDFESFISYELQNHGPLMLIRPSLGSECLHAECIVGYDSEVKKVLIYDSMNTSPEWQSNIDVYDKLTLAFNDKYKNEDCSICGLYYDGVYEPK
1psuA00,140,XSHKAWQNAHAXYENDACAKALGIDIISXDEGFAVVTXTVTAQXLNGHQSCHGGQLFSLADTAFAYACNSQGLAAVASACTIDFLRPGFAGDTLTATAQVRHQGKQTGVYDIEIVNQQQKTVALFRGKSHRIGGTITGEA
1ii5A01,140,GSAMALKVGVVGNPPFVFYGEGKNAAFTGISLDVWRAVAESQKWNSEYVRQNSISAGITAVAEGELDILIGPISVTPERAAIEGITFTQPYFSSEPYGFVLKENSPLQKTINVEMLNLLYSRVIAEFTERWLGPGIEENQ
3p5jB02,140,MDPLFLLLHYLLKAGKEGKYQPLDQVVVDDTFPDCTLLLRFPELEKSLRHVTEEKEVNSKKYYKYSSEKTLKWLEKKVNQTVVALKANNVNVGARVQSSAYFSGGQVSRDKEEDYVRYAHGLISDYIPKELSDDLSKFLK
1ej8A00,140,SSAVAILETFQKYTIDQKKDTAVRGLARIVQVGENKTLFDITVNGVPEAGNYHASIHEKGDVSKGVESTGKVWHKFDEPIECFNESDLGKNLYSGKTFLSAPLPTWQLIGRSFVISKSLNHPENEPSSVKDYSFLGVIAR
2hthB00,140,GHMDRFVWTSGLLEINETLVIQQRGVRIYDGEEKIKFDAGTLLLSTHRLIWRDQKNHECCMAILLSQIVFIEEQAAGIGKSAKIVVHLHPAPPNKEPGPFQSSKNSYIKLSFKEHGQIEFYRRLSEEMTQRRWENMPVSQ
1vw4400,140,MVVKAIARNSIGRNGVGAFVFPCRKITLQFCNWGGSSEGMRKFLTSKRLDKWGQEFPWIQFEVMRKSGHPLLRAEYTNGREKVICVRNLNIDNVENKLKLLKDSDGDILRRRTKNDNVESLNSSVRGIWSPLHAAKRHRI
4at7B01,140,GHMRPMRIFVNDDRHVMAKHSSLKSCVIVIRVLRDLCTRVPTWGPLRGWPLELLCEKSIGTANRPMGAGEALRRVLECLASGIVMPDGSGIYDPCEKEATDAIGHLDRQQREDITQSAQHALRLAAFGQLHKVLGMDPLP
2d4oA00,141,XRFRPFTEEDLDRLNRLAGKRPVSLGALRFFARTGHSFLAEEGEEPXGFALAQAVWQGEATTVLVTRXEGRSVEALRGLLRAVVKSAYDAGVYEVALHLDPERKELEEALKAEGFALGPLVLAVRVLGSRGARGETRGVLE
2pimA00,141,GXSQDNYFSRXLRGEAPVPAVAGTLGGVIRAVDLEAGSLESDYVATDAFLNPVGQVQGGXLGAXLDDVTAXLVTATLEDGASCSTLNLNLSFLRPAQAGLLRGRARLERRGRNVCNVVGELSQDGKLVATATATCXVARRA
4gf3A00,141,MRTYSSLLEEFATELGLEEIETNELGHGAVTIDKIWVVHLAPINEKELVAFMRAGILTGQSQLYDILRKNLFSPLSGVIRCALDKDDHWLLWSQLNINDTSGTQLASVLTSLVDKAVTLSCEPTMKKEEDDHRPSSSHLLV
2mj7A00,141,MGHHHHHHSHMQELPDSGALMLVPNRQLTADYFEKTWLSLKVAHQQVLPWRGEFHPDTLQMALQVVNIQTIAMSRAGSRPWKAYLSAQDDTGCLFLTELLLEPGNSEMQISVKQNEARTETLNSFISVLETVIGTIEEIKS
2aegA02,141,EDKDWVSKWAQDAESLINLXPAYQXNPDQXGPIVRNTADGKKQLVHARWGLPEPDRGVTNVRKLNLPHWTRWFGVEHRCLVPLXFFAGIHVPQWKSVRKVRDGLTTDDLYGFLTAXPVLLLTREETEIWXRAPWDEAKHLA
1i9dA00,141,MSNITIYHNPACGTSRNTLEMIRNSGTEPTIILYLENPPSRDELVKLIADMGISVRALLRKNVEPYEQLGLAEDKFTDDQLIDFMLQHPILINRPIVVTPLGTRLCRPSEVVLDILQDAQKGAFTKEDGEKVVDEAGKRLK
2vvfA01,141,MRSFLNLNSIPNVAAGNSCSIKLPIGQTYEVIDLRYSGVTPSQIKNVRVELDGRLLSTYKTLNDLILENTRHKRKIKAGVVSFHFVRPEMKGVNVTDLVQQRMFALGTVGLTTCEIKFDIDEAAAGPKLSAIAQKSVGTAP
2xqyA03,142,APEIPAEALLALPLRGGASFVFTRRRPDCGPAYTLGGVDIANPLVLAIVSNDSAACDYTDRMPESQHLPATDNPSVCVYCDCVFVRYSSAGTILETVLIESKDMEEQLMAGANSTIPSFNPTLHGGDVKALMLFPNGTVVDL
1vr8A00,142,XGSDKIHHHHHHPPEAYSLDTAIFVLETRDYRLSDVKEIDSYGDVEXKGKVAVFETEYGPVFLYVYKGEEAKKIWKKLNGRAGFVSIRSVLDLPNXGKFSTVSNGKKIVAWWRKNWLFIVEGKNGVEEFVKHVYRVYEEXKQ
3s6pA03,142,VSEAYALHTLTFARPSSAAALAFVWAGLPQGGTAPAGTPAWEQASSGGYLTWRHNGTTFPAGSVSYVLPEGFALERYDPNDGSWTDFASAGDTVTFRQVAVDEVVVTNNPAGGGSAPTFTVRVPPSNAYTNTVFRNTLLETR
4p02B03,143,TLPQIPPGRVVTLADMGVDTILTDNRYFNRDIDFQLPDDWLLLASQKAQIGIDYGFAGGLPEGALLLVKVNGTTVRMLPLDRDAAPVKPRLDIRFPARLLHPGPNRLSFESVIPGNPPDQPCPASAGDLMQVLSSTDLEVPPS
4oagA01,143,GPLGSSLQEKLLSYYRNRAALRPAETARLRALDQADSGCRSLCLKILKAICKSTPALGHLTASQLTNVILHLAQEEADWSPDMLADRFLQALRGLISYLEAGVLPSALNPKVNLFAELTPQEIDELGYTLYCSLSEPEVLLQT
4a6qA00,143,GPDSXRVTQEEIKKEPEKPIDREKTCPLLLRVFTTNNGRHHRXDEFSRGNVPSSELQIYTWXDATLKELTSLVKEVYPEARKKGTHFNFAIVFXDLKRPGYRVKEIGSTXSGRKGTDDSXTLQSQKFQIGDYLDIAITPPNRA
1e6dM01,143,AEYQNIFSQVQVRGPADLGMTEDVNLANRSGVGPFSTLLGWFGNAQLGPIYLGSLGVLSLFSGLMWFFTIGIWFWYQAGWNPAVFLRDLFFFSLEPPAPEYGLSFAAPLKEGGLFLIASFFMFVAVWSWWGRTYLRAQALGMG
4hr3A01,143,GPGSMDFAPSARAAELIAAVREFIDAEVMPVERAVLAHHDELLGARAGTTAELWHVPPELDSLKAKARAAGLWNLFLPDPELGGGLSNSEYAPLAEQMGRSLFAPTVFNCNAPDSGNMEVLHRYGSQEQKEVWLEPLLEGDIR
1vhvA02,144,SISTAVCGLTGLHNYRFGKSATVSWHRSQTPVNVIKANRSIDAHTLLFLDLHPEPXTIGHAVENLIAEDAQXKDLYAVGIARAGSGEEVVKCDRLENLKKIDFGKPLHVXVVLAKTLHFXEFECLREFADAPAELERLVAEGGS
3hs3A02,144,NNTKGGKESIKLLSKKIEKVLIQHWPLSLPTIRERIEAMTAEASKLKIDYLLEETPENNPYISAQSALNKSNQFDAIITVNDLYAAEIIKEAKRRNLKIPDDFQLVGYDNNILCGYTSPTISTIDQDVLPIKRDSTEGHHHHHH
1mufA02,144,DKSTSSCISTNALLPDPYESERVYVAESLISSAGEGLFSKVAVGPNTVXSFYNGVRITHQEVDSRDWALNGNTLSLDEETVIDVPEPYNHVSKYCASLGHKANHSFTPNCIYDXFVHPRFGPIKCIRTLRAVEADEELTVAYGY
3ub1A01,144,XEKQSSLETQAFSFAEEFAWDYFSRYPSDTQDFVRRITKYTTEQLANEXNNGTYSDVIYTSAFYFEKYSENQVNVSVKARVRVYTPKAGQEQTPQDQLQYDTNLVDYYLEVPIVFDKDXNXAVDALPVXTAPPEKAYFKNKEFS
3fbqA02,145,SKERTIGGSSEKEGIKANMEKVAMSPVSFILYYNQEVSKGARKEWDSVDVELTVKDDLGNDYSGEGNGGSGNDPYNIRWSATFQKLNENATKLIVTPRVHLRVHTPENHGGVEYVNGKEKKIEVPNKEAKKKDIVLDDIVIDLKK
3vzbB01,146,AMGSGVLPRPCRVLVLLNPRGGKGKALQLFRSHVQPLLAEAEISFTLMLTERRNHARELVRSEELGRWDALVVMSGDGLMHEVVNGLMERPDWETAIQKPLCSLPAGSGNALAASLNHYAGYEQVTNEDLLTNCTLLLCRRLLSPM
1yf2A03,147,EVFEIKDIFEVKTGTTPSTKKSEYWENGEINWITPLDLSRLNEKIYIGSSERKVTKIALEKCNLNLIPKGSIIISTRAPVGYVAVLTVESTFNQGCKGLFQKNNDSVNTEFYAYYLKFKKNLLENLSGGSTFKELSKSMLENFKIPL
4qq1C04,147,VAARTEANAKYRGTWYGYIANGTSWSGEASNQEGGNRAEFDVDFSTKKISGTLTAKDRTSPAFTITAMIKDNGFSGVAKTGENGFALDPQNTGNSHYTHIEATVSGGFYGKNAIEMGGSFSFPGNAPEGKQEKASVVFGAKRQQLVQ
5a8wB02,147,SVAVNLAGIEGSLRKAALGGKSNFIPGREVDLPIVENAEAIAEKIKKLVQTSEDDDTNIRLINNGQQILVQVPTTRMGVAADYTVSALVTGAAVVQAIIDEFDVDMFDANAVKTAVMGRYPQTVDFTGANLSTLLGPPVLLEGLGYG
1yu0A02,147,AFIKADKSAVAFTRTGNATASIKAGTIVEVNGKLVQFTADTAITMPALTAGTDYAIYVCDDGTVRADSNFSAPTGYTSTTARKVGGFHYAPGSNAAAQAGGNTTAQINEYSLWDIKFRPAALDPRGMTLVAGAFWADIGVCDHLILE
3gn4A00,148,MKSDPDHLAELVKRVNHWLICSRWKKVQWCSLSVIKLKNKIKYRAEACIKMQKTIRMWLCKRRHKPRIDGLVKVGTLKKRLDKFNEVVSALKDGKQEMSKQVKDLEISIDALMAKIKSTMMTREQIQKEYDALVKSSAVLLSALQKKK
2i02A00,148,GXATSTDRTQEIQKLHELIKNIDYGXFTTVDDDGSLHSYPXSKSGDINSEATLWFFTYAGSHKVTEIEHHEQVNVSFSSPEQQRYVSISGTSQLVKDRNKXRELWKPELQTWFPKGLDEPDIALLKVNINQVNYWDSTSSFKPQTISF
2j5zA01,148,DLVNLLRCQEGPRNCRELLSQGATLSGWYHLCLPEGRALPVFCDMDTEGGGWLVFQRRQDGSVDFFRSWSSYRAGFGNQESEFWLGNENLHQLTLQGNWELRVELEDFNGNRTFAHYATFRLLGEVDHYQLALGKFSEGTARVRMMLR
6j3gB02,148,PAELEAFHAVFEDAFWDTIFMPLFPFLVPAACPQLNPRSEAYFRETREGKFGSILGGKMENWAPTGPVRDDRWKALQAGFTKMAGWLSADGQERPFFMGEKLCYTDIVVGAWLISVKKVFGSDHPEWLQVEKWDGGRWSRLVQVVENF
2mcfA00,148,MKYDVVIIPESFHRFDKHNMEHICPPMVIGDRSYDIAMEIVNGVDRVIKASFNASVEELEGEDCDVLYRKYTLEKEGKKGIVHVKLRKITENCPPVDGNRCSVLEFERDIECIVKAIEECLAKGELNSKLEGKPIPNPLLGLDSTRTG
1jc4A00,148,XSNEDLFICIDHVAYACPDADEASKYYQETFGWHELHREENPEQGVVEIXXAPAAKLTEHXTQVQVXAPLNDESTVAKWLAKHNGRAGLHHXAWRVDDIDAVSATLRERGVQLLYDEPKLGTGGNRINFXHPKSGKGVLIELTQYPKN
3cwcA01,148,SNAXKIVIAPDSYKESLSALEVATAIEQGFREIWPDADYLKLPLHLEACLADADLVITGEGRIDSQTIHGKVPIGVANIAKRYNKPVIGIAGSLTADVSVVHEHGLDAVFSVIYTICTLEDALKNASENVRXTARNVAATLKAGQQLR
2vywA00,148,AVLTQTQIDSILADLAHHTDTTEHITEMGVSIYKTLFAAHPEYISYFSKLQGLTKDNVGQSEGIRYYGRTLGEELIRLLKAASNPSVLEERIVQGAKDHKARPVTKDQFTGAAPIFIKFFQGLLKKQEDKDAIEKFLLHVMQAIAAKM
1vykA00,149,EARPIVVGPPPPLSGGLPGTENSDQARDGTLPYTKDRFYLQPLPPTEAAQRAKVSASEILNVKQFIDRKAWPSLQNDLRLRASYLRYDLKTVISAKPKDEKKSLQELTSKLFSSIDNLDHAAKIKSPTEAEKYYGQTVSNINEVLAKLG
6f8bA02,149,LIYRGQSGGMNEAFSDMAGEAAEFYMRGKNDFLIGYDIKKGSGALRYMDQPSRDGRSIDNASQYYNGIDVHHSSGVYNRAFYLLANSPGWDTRKAFEVFVDANRYYWTATSNYNSGACGVIRSAQNRNYSAADVTRAFSTVGVTCPSAL
4h3wA02,149,VPSIREVDGAYVXIYDGEXXVEIASEDITTGDIDGLFDGDFVLALTNPHITLXSNVXNASLDCSLSIEAENTSXXEATSSDFTLSTVSPNIWIGPLDPNEXLPGIVQIVPQXIHLSLSADSXQWTNAPADALSELRYAVELPLTPAPEF
2iaiA02,149,VSRALDELFGILDEEHARVGTAAERLEYVVRRXVEVLXAELPYVTLLLRVRGNTGTERWALERRREFDHRVAALLKDAAAEGDVRADVEVRLATRLVFGXINSIVEWYRPEGPDGRSDASGASGVSGAGEREVVDAVARLVFGGLRKAS
4kt3A00,149,ARLCNNISAVTFVSKYKAVCQPIADQLDLPVENLLGLAAQESQYGTGRIARELNNYFSXHAPAPLQIGAEAPLGNASIKVAKFDSFQKSAQSFASSFGTAVRGQRDPXAFAQALVRSGYNTGNAKTGGRDGFARYLADIIIAVRGRXAC
3pijA02,149,DTLDHGSVTLDMDGEQIIADDAEAVEIEMTIDLAASTAERAGLKIHATEDGAYTYVAYDGQIGRVVVDRQAMANGDRGYRAAPLTDAELASGKLDLRVFVDRGSVEVYVNGGHQVLSSYSYASEGPRAIKLVAESGSLKVDSLKLHHMK
2wj9B00,150,TTSSACAPETGLQQLVATIVPDEQRISFWPQHFGLIPQWVTLEPRVFGWMDRLCENYCGGIWNLYTLNNGGAFMAPEPDDDDDETWVLFNAMNGNRAEMSPEAAGIAACLMTYSHHACRTECYAMTVHYYRLRDYALQHPECSAIMRIID
1espA01,150,KVGTGKGVLGDTKSLNTTLSGSSYYLQDNTRGATIFTYDAKNRSTLPGTLWADADNVFNAAYDAAAVDAHYYAGKTYDYYKATFNRNSINDAGAPLKSTVHYGSNYNNAFWNGSQMVYGDGDGVTFTSLSGGIDVIGHSLTHAVTENSSN
